type,category
a.a.,"Organizations, Groups, and Community Centers"
aa,"Organizations, Groups, and Community Centers"
accommodation,Accommodations
"accommodation - guest houses, etc.",Accommodations
accommodations,Accommodations
"accommodations,bars",Accommodations
"accommodations,bars/clubs",Accommodations
"accommodations,cruising areas",Accommodations
"accommodations,cruisy areas",Accommodations
"accommodations,info lines and services",Other or Unclear
"accommodations,restaurants and cafes",Accommodations
"accommodations,travel agency or tour operators",Accommodations
accomodation agency,Travel Services and Tourism
accomodations,Accommodations
accountant,Professional Services
accountants,Professional Services
accounting and income tax services,Professional Services
activities for fat women,"Organizations, Groups, and Community Centers"
acupuncture,Professional Services
adventure,Travel Services and Tourism
adventure vacations,Travel Services and Tourism
advertising agency,Professional Services
advertising specialties / promotional items / trophies and awards / buttons / t-shirts,Professional Services
aikido school,Fitness and Recreation
alcohol and drug abuse centers,"Organizations, Groups, and Community Centers"
alcoholics anonymous,"Organizations, Groups, and Community Centers"
alcoholism center,"Organizations, Groups, and Community Centers"
"alcoholism, chemical dependency, drug abuse counseling","Organizations, Groups, and Community Centers"
all-gay guest house,Accommodations
alternative / feminist bookstores,Bookstores and Retail
alternative / spirituality bookstore,Bookstores and Retail
alternative and general bookstores,Bookstores and Retail
alternative bookshop,Bookstores and Retail
alternative bookstore,Bookstores and Retail
alternative bookstore / cafe / local info.,Bookstores and Retail
alternative bookstores,Bookstores and Retail
animal clinic,Professional Services
antiques,Bookstores and Retail
apartment locations,Accommodations
apartments,Accommodations
apartments/cottages,Accommodations
archives,Arts and Culture
archives / libraries,Arts and Culture
"archives/libraries,etc.",Arts and Culture
art and film gallery,Arts and Culture
art center,Arts and Culture
art gallery,Arts and Culture
athletic association,Fitness and Recreation
attorney,Professional Services
attorney's,Professional Services
attorneys,Professional Services
"attorneys / legal services / legal referrals, etc.",Professional Services
"attorneys and legal aid, etc.",Professional Services
attorneys/legal assistance,Professional Services
auto repair,Professional Services
bakery,Restaurants and Cafes
bar,Bars and Nightlife
bar / restaurants,Hybrid Bar or Restaurant
bar / swimming pool,Bars and Nightlife
"bar and cafes, etc.",Hybrid Bar or Restaurant
bar guide,Publications
bar night,Bars and Nightlife
bar/coffeehouse,Hybrid Bar or Restaurant
bar/restaurant,Hybrid Bar or Restaurant
bar/restuarant,Hybrid Bar or Restaurant
bar/swimming pool,Bars and Nightlife
bargain shop,Bookstores and Retail
bars,Bars and Nightlife
bars and bars / restaurants,Hybrid Bar or Restaurant
bars and nightclubs,Bars and Nightlife
"bars, etc.",Bars and Nightlife
"bars,cafes",Bars and Nightlife
"bars,cruising areas",Bars and Nightlife
"bars,cruisy areas",Bars and Nightlife
"bars,restaurants and cafes",Hybrid Bar or Restaurant
bars[3x],Bars and Nightlife
bars/clubs,Bars and Nightlife
"bars/clubs,bathhouses",Bathhouses and Men's Services
"bars/clubs,bathhouses,hotel",Bathhouses and Men's Services
"bars/clubs,baths",Bathhouses and Men's Services
"bars/clubs,baths,hotel,restaurant",Bathhouses and Men's Services
"bars/clubs,book store",Bars and Nightlife
"bars/clubs,book store,cruising areas",Bars and Nightlife
"bars/clubs,book store,erotic shop",Bars and Nightlife
"bars/clubs,business",Bars and Nightlife
"bars/clubs,business,cruising areas",Bars and Nightlife
"bars/clubs,business,erotic shop",Bars and Nightlife
"bars/clubs,business,hotel,restaurant",Accomodations with Bar or Restaurant
"bars/clubs,cruising areas",Bars and Nightlife
"bars/clubs,cruising areas,book store",Bars and Nightlife
"bars/clubs,cruising areas,hotel",Accomodations with Bar or Restaurant
"bars/clubs,cruising areas,restaurant",Bars and Nightlife
"bars/clubs,cruising areas,theatre",Bars and Nightlife
"bars/clubs,erotic shop",Bars and Nightlife
"bars/clubs,gym",Bars and Nightlife
"bars/clubs,hotel",Accomodations with Bar or Restaurant
"bars/clubs,hotel,bathhouses",Bathhouses and Men's Services
"bars/clubs,hotel,baths",Bathhouses and Men's Services
"bars/clubs,hotel,cruising areas",Accomodations with Bar or Restaurant
"bars/clubs,hotel,restaurant",Accomodations with Bar or Restaurant
"bars/clubs,hotel,restaurant,business",Accomodations with Bar or Restaurant
"bars/clubs,hotels",Accomodations with Bar or Restaurant
"bars/clubs,hotels,restaurant",Accomodations with Bar or Restaurant
"bars/clubs,organizations",Bars and Nightlife
"bars/clubs,restaurant",Hybrid Bar or Restaurant
"bars/clubs,restaurant,bathhouses",Bathhouses and Men's Services
"bars/clubs,restaurant,baths",Bathhouses and Men's Services
"bars/clubs,restaurant,book store",Hybrid Bar or Restaurant
"bars/clubs,restaurant,business",Hybrid Bar or Restaurant
"bars/clubs,restaurant,cruising areas",Hybrid Bar or Restaurant
"bars/clubs,restaurant,cruising areas,bathhouses",Bathhouses and Men's Services
"bars/clubs,restaurant,hotel",Accomodations with Bar or Restaurant
"bars/clubs,restaurant,hotel,hotel",Accomodations with Bar or Restaurant
"bars/clubs,restaurant,hotels",Accomodations with Bar or Restaurant
"bars/clubs,restaurant,theatre",Hybrid Bar or Restaurant
"bars/clubs,restaurants and cafes",Hybrid Bar or Restaurant
"bars/clubs,theatre",Bars and Nightlife
"bars/clubs,theatre,baths",Bathhouses and Men's Services
"bars/clubs,theatre,cruising areas",Bars and Nightlife
"bars/clubs,theatre,restaurant",Hybrid Bar or Restaurant
"bars/clubs,travel agency",Bars and Nightlife
bars/restaurants,Hybrid Bar or Restaurant
bath house,Bathhouses and Men's Services
bath houses,Bathhouses and Men's Services
bathhouses,Bathhouses and Men's Services
"bathhouses,bars/clubs",Bathhouses and Men's Services
"bathhouses,bars/clubs,cruising areas",Bathhouses and Men's Services
"bathhouses,bars/clubs,hotel",Bathhouses and Men's Services
"bathhouses,cruising areas",Bathhouses and Men's Services
"bathhouses,erotic shop",Bathhouses and Men's Services
"bathhouses,gym",Bathhouses and Men's Services
"bathhouses,hotel",Bathhouses and Men's Services
"bathhouses,restaurant",Bathhouses and Men's Services
"bathhouses,restaurant,hotel",Bathhouses and Men's Services
baths,Bathhouses and Men's Services
"baths,bars/clubs",Bathhouses and Men's Services
"baths,bars/clubs,cruising areas",Bathhouses and Men's Services
"baths,bars/clubs,hotel",Bathhouses and Men's Services
"baths,book store",Bathhouses and Men's Services
"baths,business",Bathhouses and Men's Services
"baths,cruising areas",Bathhouses and Men's Services
"baths,hotel",Bathhouses and Men's Services
"baths,organizations",Bathhouses and Men's Services
"baths,restaurant",Bathhouses and Men's Services
"baths,restaurant,bars/clubs",Bathhouses and Men's Services
"baths,theatre,bars/clubs",Bathhouses and Men's Services
beach,Travel Services and Tourism
bed and breakfast,Accommodations
bed and breakfast inn,Accommodations
book store,Bookstores and Retail
"book store,bars/clubs",Bars and Nightlife
"book store,bars/clubs,cruising areas",Bars and Nightlife
"book store,bars/clubs,erotic shop,business",Bars and Nightlife
"book store,bars/clubs,theatre",Bars and Nightlife
"book store,bathhouses,erotic shop",Bathhouses and Men's Services
"book store,business",Bookstores and Retail
"book store,business,cruising areas",Erotic Retail and Cinema
"book store,community center/support group","Organizations, Groups, and Community Centers"
"book store,cruising areas",Bookstores and Retail
"book store,cruising areas,business",Bookstores and Retail
"book store,cruising areas,erotic shop",Erotic Retail and Cinema
"book store,cruising areas,erotic shop,theatre",Erotic Retail and Cinema
"book store,cruising areas,religious institution",Other or Unclear
"book store,cruising areas,theatre",Other or Unclear
"book store,cruising areas,theatre,business",Other or Unclear
"book store,erotic shop",Erotic Retail and Cinema
"book store,erotic shop,bars/clubs",Bars and Nightlife
"book store,erotic shop,bathhouses",Bathhouses and Men's Services
"book store,erotic shop,cruising areas",Erotic Retail and Cinema
"book store,erotic shop,theatre",Erotic Retail and Cinema
"book store,hotel",Other or Unclear
"book store,hotel,erotic shop",Other or Unclear
"book store,organization",Bookstores and Retail
"book store,publication",Bookstores and Retail
"book store,restaurant",Restaurants and Cafes
"book store,theatre",Arts and Culture
"book store,theatre,baths",Bathhouses and Men's Services
"book store,theatre,cruising areas",Erotic Retail and Cinema
"book store,theatre,cruising areas,erotic shop",Erotic Retail and Cinema
"book store,theatre,erotic shop",Erotic Retail and Cinema
"book store,theatre,erotic shop,cruising areas",Erotic Retail and Cinema
book stores or retail shops,Bookstores and Retail
"book stores or retail shops,erotica",Erotic Retail and Cinema
book stores/retail shops,Bookstores and Retail
bookcenter,Bookstores and Retail
"books, cards and gift shop",Bookstores and Retail
bookshop,Bookstores and Retail
bookstore,Bookstores and Retail
bookstore cafe,Bookstores and Retail
bookstore/art gallery,Bookstores and Retail
bookstore/cafe,Bookstores and Retail
bookstore/coffeehouse,Bookstores and Retail
bookstore/feminist specialty shop,Bookstores and Retail
bookstore/publishing house,Bookstores and Retail
bookstore/records,Bookstores and Retail
bookstore/retail shops,Bookstores and Retail
bookstores,Bookstores and Retail
bookstores / cafe,Bookstores and Retail
bookstores and retail shops,Bookstores and Retail
"bookstores,cruisy areas",Bookstores and Retail
bookstores/retail shops,Bookstores and Retail
"bookstores/retail shops,cruisy areas",Bookstores and Retail
"bookstores/retail shops,travel/tour operators",Bookstores and Retail
boutique,Bookstores and Retail
bowling league,Fitness and Recreation
business,Other or Unclear
business and trade organizations,"Organizations, Groups, and Community Centers"
business association,"Organizations, Groups, and Community Centers"
business consultants,Professional Services
"business,bars/clubs",Bars and Nightlife
"business,book store",Bookstores and Retail
"business,book store,cruising areas",Bookstores and Retail
"business,book store,erotic shop",Erotic Retail and Cinema
"business,book store,theatre",Erotic Retail and Cinema
"business,cruising areas",Other or Unclear
"business,cruising areas,book store",Bookstores and Retail
"business,cruising areas,erotic shop",Erotic Retail and Cinema
"business,cruising areas,restaurant",Restaurants and Cafes
"business,erotic shop",Erotic Retail and Cinema
"business,erotic shop,book store",Erotic Retail and Cinema
"business,escort service",Bathhouses and Men's Services
"business,hotel",Accommodations
"business,organization",Other or Unclear
"business,organizations","Organizations, Groups, and Community Centers"
"business,restaurant",Restaurants and Cafes
"business,theatre",Arts and Culture
"business,travel service",Travel Services and Tourism
buttons,Other or Unclear
cab company,Professional Services
cabin,Accommodations
cabins and camping,Travel Services and Tourism
cafe,Restaurants and Cafes
cafe / club,Hybrid Bar or Restaurant
cafe / gallery,Restaurants and Cafes
cafe/bookstore,Restaurants and Cafes
cafe/coffeehouse,Restaurants and Cafes
cafe/gallery,Restaurants and Cafes
cafes,Restaurants and Cafes
camp grounds,Travel Services and Tourism
campground,Travel Services and Tourism
campground/retreat,Travel Services and Tourism
camping,Travel Services and Tourism
camping and cabins,Travel Services and Tourism
camping for women,Travel Services and Tourism
camping program,Travel Services and Tourism
camping space,Travel Services and Tourism
cape coral,Other or Unclear
captained charted sailings,Travel Services and Tourism
card shop,Bookstores and Retail
cat doctor,Professional Services
center,"Organizations, Groups, and Community Centers"
center/bookstore,"Organizations, Groups, and Community Centers"
center/groups,"Organizations, Groups, and Community Centers"
centers,"Organizations, Groups, and Community Centers"
centers / groups,"Organizations, Groups, and Community Centers"
centers / organizations / groups,"Organizations, Groups, and Community Centers"
centers / switchboards,Information and Emergency Services
centers and organizations,"Organizations, Groups, and Community Centers"
centers/organizations/groups,"Organizations, Groups, and Community Centers"
ceremony,Other or Unclear
chemical dependency association,"Organizations, Groups, and Community Centers"
chemical dependency clinic,Health Services and Medical Clinics
church,Religious and Spiritual
"church,organizations",Religious and Spiritual
cinema,Arts and Culture
classes,Other or Unclear
clinic,"Organizations, Groups, and Community Centers"
clinics / health centers / counseling,"Organizations, Groups, and Community Centers"
clothing,Bookstores and Retail
club,Bars and Nightlife
coffee bar,Restaurants and Cafes
coffee house,Restaurants and Cafes
coffee house/art gallery,Restaurants and Cafes
coffeebar,Restaurants and Cafes
coffeehouse,Restaurants and Cafes
coffeehouse / cafe,Restaurants and Cafes
coffeehouse/bar,Hybrid Bar or Restaurant
coffeehouse/cafe,Restaurants and Cafes
coffeehouse/cultural center,Restaurants and Cafes
coffeehouses,Restaurants and Cafes
coffeehouses and cafe / bars,Hybrid Bar or Restaurant
committee,"Organizations, Groups, and Community Centers"
community center/ support group,"Organizations, Groups, and Community Centers"
"community center/ support group,hotline",Information and Emergency Services
"community center/ support group,publication","Organizations, Groups, and Community Centers"
"community center/ support group,religious institution",Religious and Spiritual
community center/support group,"Organizations, Groups, and Community Centers"
"community center/support group,hotline",Information and Emergency Services
"community center/support group,hotlines",Information and Emergency Services
"community center/support group,organization","Organizations, Groups, and Community Centers"
computer services,Professional Services
counseling,Health Services and Medical Clinics
counseling / health / clinics / medical treatment,Health Services and Medical Clinics
counseling / health services,Health Services and Medical Clinics
counseling / therapy / health centers,Health Services and Medical Clinics
counseling / therapy / massage,Health Services and Medical Clinics
counseling and health,Health Services and Medical Clinics
counseling and health services,Health Services and Medical Clinics
counseling and health services --community organized,Health Services and Medical Clinics
"counseling and health,etc",Health Services and Medical Clinics
counseling and psychotherapy,Health Services and Medical Clinics
counseling and therapy,Health Services and Medical Clinics
counseling and therapy-private,Health Services and Medical Clinics
counseling center,Health Services and Medical Clinics
"counseling centers / health centers, etc.",Health Services and Medical Clinics
"counseling centers/health centers, etc",Health Services and Medical Clinics
counseling service,Health Services and Medical Clinics
counseling services/therapy/massage,Health Services and Medical Clinics
counseling/therapy,Health Services and Medical Clinics
counselling / health / clinics / medical treatment,Health Services and Medical Clinics
counselling and therapy,Health Services and Medical Clinics
counselling institute,Health Services and Medical Clinics
counselling/health,Health Services and Medical Clinics
counselling/therapy,Health Services and Medical Clinics
"counselors / therapists / psychologists, etc.",Health Services and Medical Clinics
country b and b,Accommodations
country club,Fitness and Recreation
country trips,Travel Services and Tourism
craft market,Bookstores and Retail
crafts shop and gallery,Arts and Culture
cruising areas,Cruising Areas
"cruising areas,accommodations",Accommodations
"cruising areas,bars",Bars and Nightlife
"cruising areas,bars/clubs",Bars and Nightlife
"cruising areas,bars/clubs,hotel",Accomodations with Bar or Restaurant
"cruising areas,bars/clubs,hotel,restaurant",Accomodations with Bar or Restaurant
"cruising areas,bars/clubs,restaurant",Hybrid Bar or Restaurant
"cruising areas,bathhouses",Bathhouses and Men's Services
"cruising areas,bathhouses,bars/clubs,hotel",Bathhouses and Men's Services
"cruising areas,baths",Bathhouses and Men's Services
"cruising areas,book store",Bookstores and Retail
"cruising areas,book store,bars/clubs",Bars and Nightlife
"cruising areas,book store,business",Erotic Retail and Cinema
"cruising areas,book store,erotic shop",Erotic Retail and Cinema
"cruising areas,book store,theatre",Erotic Retail and Cinema
"cruising areas,business",Other or Unclear
"cruising areas,business,erotic shop,restaurant,bars/clubs",Restaurants and Cafes
"cruising areas,campground",Travel Services and Tourism
"cruising areas,community center/support group","Organizations, Groups, and Community Centers"
"cruising areas,erotic shop",Erotic Retail and Cinema
"cruising areas,erotic shop,book store",Erotic Retail and Cinema
"cruising areas,erotic shop,restaurant,book store",Erotic Retail and Cinema
"cruising areas,erotica",Erotic Retail and Cinema
"cruising areas,gym",Fitness and Recreation
"cruising areas,hotel",Accommodations
"cruising areas,hotel,bars/clubs",Accomodations with Bar or Restaurant
"cruising areas,hotel,gym",Other or Unclear
"cruising areas,hotel,restaurant",Accomodations with Bar or Restaurant
"cruising areas,hotels",Accommodations
"cruising areas,hotlines",Information and Emergency Services
"cruising areas,organizations","Organizations, Groups, and Community Centers"
"cruising areas,organizations,hotel",Accommodations
"cruising areas,publications",Publications
"cruising areas,religious institution",Religious and Spiritual
"cruising areas,restaurant",Restaurants and Cafes
"cruising areas,restaurant,bars/clubs",Hybrid Bar or Restaurant
"cruising areas,restaurant,hotel",Accomodations with Bar or Restaurant
"cruising areas,theatre",Erotic Retail and Cinema
"cruising areas,theatre,book store",Erotic Retail and Cinema
"cruising areas,theatre,erotic shop,book store",Erotic Retail and Cinema
"cruising areas,travel service",Travel Services and Tourism
cruisy areas,Cruising Areas
crusiy areas,Cruising Areas
cultural center,Arts and Culture
cultural complex,Arts and Culture
cultural organizations,Arts and Culture
dance lessons,Fitness and Recreation
dating service,Professional Services
dating services,Professional Services
daytona,Other or Unclear
delicatessen,Restaurants and Cafes
dentist,Health Services and Medical Clinics
dentists,Health Services and Medical Clinics
directory,Publications
disco,Bars and Nightlife
disco night,Bars and Nightlife
disco/baths,Bathhouses and Men's Services
discussion group,"Organizations, Groups, and Community Centers"
distributors,Other or Unclear
drug clinic,Health Services and Medical Clinics
drug/alcohol services,Health Services and Medical Clinics
educational institution,"Organizations, Groups, and Community Centers"
emergency services,Information and Emergency Services
emergency victim services,Information and Emergency Services
entertainment and recreation,Other or Unclear
"entertainment and recreation,cruisy areas",Other or Unclear
erotic shop,Erotic Retail and Cinema
"erotic shop,bars/clubs",Bars and Nightlife
"erotic shop,book store",Erotic Retail and Cinema
"erotic shop,book store,cruising areas",Erotic Retail and Cinema
"erotic shop,book store,theatre",Erotic Retail and Cinema
"erotic shop,business",Erotic Retail and Cinema
"erotic shop,cruising areas",Erotic Retail and Cinema
"erotic shop,cruising areas,book store",Erotic Retail and Cinema
"erotic shop,theatre",Erotic Retail and Cinema
"erotic shop,theatre,cruising areas",Erotic Retail and Cinema
erotica,Erotic Retail and Cinema
"erotica,book stores or retail shops",Erotic Retail and Cinema
"erotica,cruising areas",Erotic Retail and Cinema
"erotica,cruisy areas",Erotic Retail and Cinema
erotica/adult books,Erotic Retail and Cinema
erotica/adult groups,Erotic Retail and Cinema
"erotica/adult groups,cruising areas",Erotic Retail and Cinema
escort and model services,Bathhouses and Men's Services
escort service,Bathhouses and Men's Services
escorts and model services,Bathhouses and Men's Services
event,Professional Services
events,Professional Services
feminist / lesbian bookstore,Bookstores and Retail
feminist / progressive bookstore and cafe,Restaurants and Cafes
feminist books - mail order,Bookstores and Retail
feminist bookstore,Bookstores and Retail
feminist bookstore / cafe,Restaurants and Cafes
feminist bookstore / coffeehouse / art gallery,Restaurants and Cafes
feminist bookstore / restaurant / overnight lodging,Restaurants and Cafes
feminist bookstore and art gallery,Bookstores and Retail
feminist bookstore and women's resource center,Bookstores and Retail
feminist center and bookstore,"Organizations, Groups, and Community Centers"
feminist coffeehouse,Restaurants and Cafes
feminist entertainment center,"Organizations, Groups, and Community Centers"
feminist garage,Professional Services
feminist health clinic,Health Services and Medical Clinics
feminist library and newsletter,Arts and Culture
feminist newspaper,Publications
feminist organization and networking center,"Organizations, Groups, and Community Centers"
feminist periodical,Publications
feminist restaurant,Restaurants and Cafes
feminist restaurant and bookstore,Restaurants and Cafes
feminist restaurant/bookstore,Restaurants and Cafes
feminist retreat,"Organizations, Groups, and Community Centers"
feminist shop,Bookstores and Retail
feminist shop and bookstore,Bookstores and Retail
feminist shops,Bookstores and Retail
feminist social club and restaurant,Restaurants and Cafes
feminist store,Bookstores and Retail
feminist stores,Bookstores and Retail
feminist theater group,Arts and Culture
feminist theatre,Arts and Culture
feminist therapists,Health Services and Medical Clinics
festival,Arts and Culture
fitness center,Fitness and Recreation
food store,Bookstores and Retail
for review,Other or Unclear
"for review,restaurant",Restaurants and Cafes
framing shop,Bookstores and Retail
friendship network,"Organizations, Groups, and Community Centers"
funeral director,Professional Services
funeral services,Professional Services
garage,Professional Services
gay / lesbian / feminist bookstore,Bookstores and Retail
gay / lesbian bookstore,Bookstores and Retail
gay / lesbian center,"Organizations, Groups, and Community Centers"
gay / lesbian group,"Organizations, Groups, and Community Centers"
gay / lesbian library,Arts and Culture
gay / lesbian organization,"Organizations, Groups, and Community Centers"
gay / lesbian political group,"Organizations, Groups, and Community Centers"
gay beach,Travel Services and Tourism
gay bookstore,Bookstores and Retail
gay boutique,Bookstores and Retail
gay center,"Organizations, Groups, and Community Centers"
gay centre,"Organizations, Groups, and Community Centers"
gay coffeehouse,Restaurants and Cafes
gay complex,Accommodations
gay complex / resort,Accommodations
gay complex/resort,Accommodations
gay gift shop,Bookstores and Retail
gay group,"Organizations, Groups, and Community Centers"
gay helpline,Information and Emergency Services
gay hotline,Information and Emergency Services
gay information line,Information and Emergency Services
gay news and events,Publications
gay oasis,Accommodations
gay relationship club,"Organizations, Groups, and Community Centers"
gay resort,Accommodations
gay shop,Bookstores and Retail
gay switchboard,Information and Emergency Services
gay/alternative bookstore,Bookstores and Retail
gay/bookstore,Bookstores and Retail
gay/lesbian bookstore,Bookstores and Retail
gay/lesbian bookstore and cafe,Restaurants and Cafes
gay/lesbian bookstores,Bookstores and Retail
gay/lesbian center,"Organizations, Groups, and Community Centers"
gay/lesbian group,"Organizations, Groups, and Community Centers"
gay/lesbian organzation,"Organizations, Groups, and Community Centers"
gay/lesbian political group,"Organizations, Groups, and Community Centers"
gay/lesbian restaurant,Restaurants and Cafes
gay/lesbian/feminist bookstore,Bookstores and Retail
general and alternative bookstore,Bookstores and Retail
general and alternative bookstores,Bookstores and Retail
general bookstore,Bookstores and Retail
general bookstores,Bookstores and Retail
gift store,Bookstores and Retail
goddess crafts,Bookstores and Retail
graphic consultant,Professional Services
graphic design,Professional Services
group,"Organizations, Groups, and Community Centers"
groups,"Organizations, Groups, and Community Centers"
groups - special interest groups,"Organizations, Groups, and Community Centers"
groups / organizations,"Organizations, Groups, and Community Centers"
groups / organizations and services,"Organizations, Groups, and Community Centers"
groups and organizations,"Organizations, Groups, and Community Centers"
groups/-- special interest groups,"Organizations, Groups, and Community Centers"
groups/organizations,"Organizations, Groups, and Community Centers"
groups/organizations and services,"Organizations, Groups, and Community Centers"
guest house,Accommodations
guest house referral agency,Professional Services
guest houses,Accommodations
guest houses / bed and breakfast,Accommodations
guest ranch,Accommodations
guide book,Publications
gym,Fitness and Recreation
"gym,bathhouses",Bathhouses and Men's Services
"gym,cruising areas",Fitness and Recreation
"gym,hotel",Accommodations
"gym,restaurant",Restaurants and Cafes
gym/health club,Fitness and Recreation
gym/health clubs,Fitness and Recreation
gyms and health clubs,Fitness and Recreation
gyms/health clubs,Fitness and Recreation
hairdressers,Professional Services
hairdressing,Professional Services
hairstyling,Professional Services
headshop,Bookstores and Retail
healing center,Health Services and Medical Clinics
health - centers / clinics / counselling / practitioners,Health Services and Medical Clinics
health / clinics / counseling,Health Services and Medical Clinics
health care,Health Services and Medical Clinics
health center,Health Services and Medical Clinics
health center / clinic / counseling,Health Services and Medical Clinics
health center/clinic/counseling,Health Services and Medical Clinics
health center/clinic/counselling,Health Services and Medical Clinics
health centers / clinics / counseling / practitioners,Health Services and Medical Clinics
"health centers / counseling and therapy, etc.",Health Services and Medical Clinics
health centers / services / medical practitioner and counselors / therapists,Health Services and Medical Clinics
health centers and counseling,Health Services and Medical Clinics
health centers/clinics/counselling,Health Services and Medical Clinics
"health centers/counseling and therapy, etc.",Health Services and Medical Clinics
"health centers/counseling,etc",Health Services and Medical Clinics
health clinic,Health Services and Medical Clinics
health collective,Health Services and Medical Clinics
herbal medicine,Health Services and Medical Clinics
herbal medicine and psychic skills,Health Services and Medical Clinics
herbalist,Health Services and Medical Clinics
holiday apartments,Accommodations
hotel,Accommodations
hotel / gay complex,Accommodations
hotel-restaurant-disco,Restaurants and Cafes
"hotel,bars/clubs",Accomodations with Bar or Restaurant
"hotel,bars/clubs,baths",Accomodations with Bar or Restaurant
"hotel,bars/clubs,cruising areas",Accomodations with Bar or Restaurant
"hotel,bars/clubs,restaurant",Accomodations with Bar or Restaurant
"hotel,bars/clubs,restaurant,baths",Accomodations with Bar or Restaurant
"hotel,bars/clubs,restaurant,cruising areas",Accomodations with Bar or Restaurant
"hotel,bathhouses",Bathhouses and Men's Services
"hotel,bathhouses,cruising areas",Bathhouses and Men's Services
"hotel,baths",Bathhouses and Men's Services
"hotel,book store",Accommodations
"hotel,book store,erotic shop",Erotic Retail and Cinema
"hotel,business",Accommodations
"hotel,community center/support group",Accommodations
"hotel,cruising areas",Accommodations
"hotel,cruising areas,bathhouses",Bathhouses and Men's Services
"hotel,cruising areas,baths",Bathhouses and Men's Services
"hotel,cruising areas,restaurant",Accomodations with Bar or Restaurant
"hotel,erotic shop",Accommodations
"hotel,gym",Accommodations
"hotel,gym,bathhouses",Bathhouses and Men's Services
"hotel,gym,cruising areas",Accommodations
"hotel,gym,travel service",Accommodations
"hotel,organizations",Accommodations
"hotel,religious institution,bars/clubs,restaurant",Accomodations with Bar or Restaurant
"hotel,restaurant",Accomodations with Bar or Restaurant
"hotel,restaurant,bars/clubs",Accomodations with Bar or Restaurant
"hotel,restaurant,bathhouses",Bathhouses and Men's Services
"hotel,restaurant,baths",Bathhouses and Men's Services
"hotel,restaurant,business",Accomodations with Bar or Restaurant
"hotel,restaurant,cruising areas",Accomodations with Bar or Restaurant
"hotel,restaurant,cruising areas,bars/clubs",Accomodations with Bar or Restaurant
"hotel,restaurant,gym",Accomodations with Bar or Restaurant
"hotel,restaurant,gym,bathhouses",Bathhouses and Men's Services
"hotel,restaurant,travel service",Accomodations with Bar or Restaurant
"hotel,theatre",Accommodations
"hotel,theatre,business",Accommodations
"hotel,travel agency",Accommodations
"hotel,travel service",Accommodations
"hotel,travel service,bars/clubs",Accomodations with Bar or Restaurant
"hotel,travel service,restaurant",Accomodations with Bar or Restaurant
hotel/bar,Accomodations with Bar or Restaurant
hotel/bar/restaurant,Accomodations with Bar or Restaurant
hotel/gay complex,Accommodations
hotel/motel,Accommodations
hotel/private disco club,Bars and Nightlife
hotel/resort,Accommodations
hotel/resort/disco,Accomodations with Bar or Restaurant
hotels,Accommodations
"hotels / guest houses, etc",Accommodations
"hotels / motels / guest houses / b and b, etc.",Accommodations
"hotels,bars/clubs",Accomodations with Bar or Restaurant
"hotels,bars/clubs,restaurant",Accomodations with Bar or Restaurant
"hotels,restaurant",Accomodations with Bar or Restaurant
"hotels,restaurant,bars/clubs",Accomodations with Bar or Restaurant
"hotels/guest houses,etc",Accommodations
hotels/motels,Accommodations
hotels/motels/guest houses,Accommodations
hotels/motels/guest houses etc.,Accommodations
"hotels/motels/guest houses/bed and breakfast, etc",Accommodations
hotels/motels/guest houses/etc,Accommodations
hotels/motels/guest houses/resorts,Accommodations
hotels/motels/guesthouses,Accommodations
hotline,Information and Emergency Services
"hotline,community center/ support group",Information and Emergency Services
"hotline,community center/support group",Information and Emergency Services
"hotline,organization",Information and Emergency Services
"hotline,religious institution",Religious and Spiritual
hotlines,Information and Emergency Services
hotlines / emergency services for women,Information and Emergency Services
"hotlines,community center/support group",Information and Emergency Services
"hotlines,organization",Information and Emergency Services
"hotlines,publication",Information and Emergency Services
"hotlines,religious institution",Information and Emergency Services
hotlines/emergency services for women,Information and Emergency Services
housing project,Other or Unclear
ice cream parlor,Restaurants and Cafes
ice cream parlour,Restaurants and Cafes
ice cream shop,Restaurants and Cafes
info lines and services,Information and Emergency Services
"info lines and services,accommodations",Information and Emergency Services
info services,Information and Emergency Services
information and emergency services,Information and Emergency Services
information and victim-emergency services,Information and Emergency Services
information center,Information and Emergency Services
information services,Information and Emergency Services
inn,Accommodations
insurance,Professional Services
insurance agent,Professional Services
introduction services,Professional Services
jeweler,Bookstores and Retail
jewellery,Bookstores and Retail
jewelry,Bookstores and Retail
jewelry/crafts,Bookstores and Retail
kennels,Professional Services
land retreat,Accommodations
land trust,"Organizations, Groups, and Community Centers"
lawyer,Professional Services
lawyers,Professional Services
lawyers assocation,"Organizations, Groups, and Community Centers"
leather sandals,Bookstores and Retail
legal aid,Professional Services
legal clinic,Professional Services
lesbian / feminist mail order service,Bookstores and Retail
lesbian / gay bookstore,Bookstores and Retail
lesbian / gay center,"Organizations, Groups, and Community Centers"
lesbian / gay coffeehouse night,Restaurants and Cafes
lesbian / gay community center,"Organizations, Groups, and Community Centers"
lesbian / gay ice cream parlor,Restaurants and Cafes
lesbian / gay library,Arts and Culture
lesbian / gay luxury cabins-resort,Accommodations
lesbian / gay social and political group,"Organizations, Groups, and Community Centers"
lesbian / gay student organization,"Organizations, Groups, and Community Centers"
lesbian aa,"Organizations, Groups, and Community Centers"
lesbian accountants,Professional Services
lesbian books mail order service,Bookstores and Retail
lesbian bookstore,Bookstores and Retail
lesbian campgrounds,Travel Services and Tourism
lesbian center,"Organizations, Groups, and Community Centers"
lesbian entertainment complex,Bars and Nightlife
lesbian feminist counseling / therapy,Health Services and Medical Clinics
lesbian feminist theater group,Arts and Culture
lesbian group,"Organizations, Groups, and Community Centers"
lesbian land,"Organizations, Groups, and Community Centers"
lesbian library,Arts and Culture
lesbian mothers,"Organizations, Groups, and Community Centers"
lesbian mothers organization,"Organizations, Groups, and Community Centers"
lesbian network,"Organizations, Groups, and Community Centers"
lesbian organization,"Organizations, Groups, and Community Centers"
lesbian photographers,Professional Services
lesbian resort,Accommodations
lesbian resource center,"Organizations, Groups, and Community Centers"
lesbian service organization,"Organizations, Groups, and Community Centers"
lesbian social club,"Organizations, Groups, and Community Centers"
lesbian social group,"Organizations, Groups, and Community Centers"
lesbian social organization,"Organizations, Groups, and Community Centers"
lesbian space,"Organizations, Groups, and Community Centers"
lesbian/gay personal ads newsletter,Publications
lesbian/gay service center,"Organizations, Groups, and Community Centers"
library,Arts and Culture
library/archives/research facility,Arts and Culture
literary group,"Organizations, Groups, and Community Centers"
lodge,Accommodations
lodge/disco/restaurant,Accomodations with Bar or Restaurant
magazine,Publications
mail order,Bookstores and Retail
martial arts,Fitness and Recreation
massage,Professional Services
matching service,Professional Services
mediation consultant,Professional Services
medical care,Health Services and Medical Clinics
medical practitioners,Health Services and Medical Clinics
medical practitioners / counselors / therapists,Health Services and Medical Clinics
medical practitioners--including alternative,Health Services and Medical Clinics
medical service,Health Services and Medical Clinics
men's clubs,Bathhouses and Men's Services
"men's clubs,cruising areas",Bathhouses and Men's Services
men's services,Bathhouses and Men's Services
metaphysical bookstore,Bookstores and Retail
mobile feminist bookstore,Bookstores and Retail
"model agency,escort service",Bathhouses and Men's Services
motel,Accommodations
motel/apartments,Accommodations
motel/bar,Accomodations with Bar or Restaurant
motel/bars,Accomodations with Bar or Restaurant
motels,Accommodations
movie gallery,Arts and Culture
moving and deliveries,Professional Services
museum / archives,Arts and Culture
music,Arts and Culture
music collective,Arts and Culture
music festival,Arts and Culture
music producers,Arts and Culture
music producers and promoters,Arts and Culture
music production,Arts and Culture
music store,Bookstores and Retail
n.o.w.,"Organizations, Groups, and Community Centers"
NA,Other or Unclear
natural foods,Bookstores and Retail
newsletter,Publications
newspaper,Publications
newsstand,Bookstores and Retail
nightclubs,Bars and Nightlife
"nightclubs,cruisy areas",Bars and Nightlife
now,Other or Unclear
occult,Religious and Spiritual
occult services,Professional Services
occult shop,Bookstores and Retail
occult supplies,Bookstores and Retail
"occult, astrology",Religious and Spiritual
occult/astrology,Religious and Spiritual
older lesbian groups,"Organizations, Groups, and Community Centers"
open house,"Organizations, Groups, and Community Centers"
open lesbian land,"Organizations, Groups, and Community Centers"
organisation and services,"Organizations, Groups, and Community Centers"
organization,"Organizations, Groups, and Community Centers"
organization and service,"Organizations, Groups, and Community Centers"
organization and services,"Organizations, Groups, and Community Centers"
"organization,book store",Bookstores and Retail
"organization,business",Other or Unclear
"organization,for review","Organizations, Groups, and Community Centers"
"organization,hotline",Information and Emergency Services
"organization,hotlines",Information and Emergency Services
"organization,religious institution",Religious and Spiritual
organization/center,"Organizations, Groups, and Community Centers"
organization/groups,"Organizations, Groups, and Community Centers"
organizations,"Organizations, Groups, and Community Centers"
organizations / groups / services,"Organizations, Groups, and Community Centers"
organizations and groups,"Organizations, Groups, and Community Centers"
organizations and groups - including special interests,"Organizations, Groups, and Community Centers"
organizations and services,"Organizations, Groups, and Community Centers"
"organizations,bars/clubs",Bars and Nightlife
"organizations,business","Organizations, Groups, and Community Centers"
"organizations,hotel",Accommodations
"organizations,restaurant",Restaurants and Cafes
organizations. etc.,"Organizations, Groups, and Community Centers"
organizations/coffehouse,Restaurants and Cafes
other bars--mostly gay men and mixed clientel,Bars and Nightlife
other bookshops / videos,Bookstores and Retail
other bookstores,Bookstores and Retail
other centers,"Organizations, Groups, and Community Centers"
other guest houses,Accommodations
other lesbian special interest groups,"Organizations, Groups, and Community Centers"
other services,Other or Unclear
outdoor group,Travel Services and Tourism
outdoor trips,Travel Services and Tourism
outdoor trips for women,Travel Services and Tourism
overnight accomodation,Accommodations
pamphlet and periodoical outlet,Publications
parents group,"Organizations, Groups, and Community Centers"
penpal/friendship club,"Organizations, Groups, and Community Centers"
performance space,Arts and Culture
personal contact club,"Organizations, Groups, and Community Centers"
personal contacts/housing,Information and Emergency Services
personal contacts/travel clubs,Information and Emergency Services
photographers,Professional Services
photography,Arts and Culture
piano tuner,Professional Services
piano tuning,Professional Services
pier,Other or Unclear
poetry/music collective,Arts and Culture
politcal group,"Organizations, Groups, and Community Centers"
political group,"Organizations, Groups, and Community Centers"
political/legislative,"Organizations, Groups, and Community Centers"
pool hall,Bars and Nightlife
post cards,Bookstores and Retail
press,Publications
printers,Professional Services
printing,Professional Services
printing service,Professional Services
printing/graphics,Professional Services
private club,Bars and Nightlife
private gay resort,Accommodations
private healthcare,Health Services and Medical Clinics
private parties,Bars and Nightlife
production company,Arts and Culture
professional association,"Organizations, Groups, and Community Centers"
professional organizations,"Organizations, Groups, and Community Centers"
progressive bookstore,Bookstores and Retail
projected resort and residential community for gay people,Accommodations
promotional items,Other or Unclear
psychic center,Professional Services
psychotherapist,Health Services and Medical Clinics
public relations,Professional Services
publication,Publications
"publication,book store",Publications
publications,Publications
publications with national scope,Publications
"publications,cruising areas",Publications
"publications,organization",Publications
publications/bar guides,Publications
publisher/distributor,Publications
publishers,Publications
radio,Arts and Culture
radio and television,Arts and Culture
radio and television programs,Arts and Culture
radio and tv,Arts and Culture
radio program,Arts and Culture
radio program and television,Arts and Culture
radio programs,Arts and Culture
radio station,Arts and Culture
ranch,Accommodations
rap lines,Information and Emergency Services
rape crisis,Information and Emergency Services
rape crisis / domestic violence,Information and Emergency Services
real estate agency,Professional Services
real estate agent,Professional Services
realtors,Professional Services
record shop,Bookstores and Retail
records/music,Bookstores and Retail
recreational retreat,Accommodations
religious,Religious and Spiritual
religious center,Religious and Spiritual
religious group,Religious and Spiritual
religious groups,Religious and Spiritual
religious groups and helpline,Religious and Spiritual
religious groups and organizations,Religious and Spiritual
religious institution,Religious and Spiritual
"religious institution,community center/ support group",Religious and Spiritual
"religious institution,community center/support group",Religious and Spiritual
"religious institution,hotline",Religious and Spiritual
"religious institution,hotlines",Religious and Spiritual
"religious institution,organization",Religious and Spiritual
religious organization,Religious and Spiritual
religious organizations,Religious and Spiritual
"religious organizations,info lines and services",Religious and Spiritual
resort,Accommodations
resort / lodging for women,Accommodations
resort / motel,Accommodations
resort and bar,Accomodations with Bar or Restaurant
resort and campground,Accommodations
resort/campsite,Accommodations
resort/dsico,Accommodations
resort/hotel,Accommodations
resort/motel,Accommodations
resort/rental cottages,Accommodations
resorts,Accommodations
resorts / guest houses,Accommodations
resorts/hotels/guest houses,Accommodations
resources and references,Information and Emergency Services
restaurant,Restaurants and Cafes
"restaurant,bars/clubs",Hybrid Bar or Restaurant
"restaurant,bars/clubs,bathhouses",Bathhouses and Men's Services
"restaurant,bars/clubs,business",Hybrid Bar or Restaurant
"restaurant,bars/clubs,cruising areas",Hybrid Bar or Restaurant
"restaurant,bars/clubs,hotel",Accomodations with Bar or Restaurant
"restaurant,bars/clubs,theatre",Hybrid Bar or Restaurant
"restaurant,baths,bars/clubs",Bathhouses and Men's Services
"restaurant,book store",Restaurants and Cafes
"restaurant,book store,business",Restaurants and Cafes
"restaurant,business",Restaurants and Cafes
"restaurant,business,bars/clubs",Hybrid Bar or Restaurant
"restaurant,community center/support group","Organizations, Groups, and Community Centers"
"restaurant,cruising areas",Restaurants and Cafes
"restaurant,cruising areas,bars/clubs",Hybrid Bar or Restaurant
"restaurant,cruising areas,erotic shop",Erotic Retail and Cinema
"restaurant,hotel",Accomodations with Bar or Restaurant
"restaurant,hotel,bars/clubs",Accomodations with Bar or Restaurant
"restaurant,hotel,bars/clubs,cruising areas",Accomodations with Bar or Restaurant
"restaurant,hotel,cruising areas",Accomodations with Bar or Restaurant
"restaurant,hotel,gym",Accomodations with Bar or Restaurant
"restaurant,hotel,travel agency",Accomodations with Bar or Restaurant
"restaurant,hotel,travel service",Accomodations with Bar or Restaurant
"restaurant,hotel,travel service,bars/clubs",Accomodations with Bar or Restaurant
"restaurant,hotels",Accomodations with Bar or Restaurant
"restaurant,theatre",Restaurants and Cafes
"restaurant,theatre,bars/clubs",Hybrid Bar or Restaurant
restaurant/bar,Hybrid Bar or Restaurant
restaurant/coffeehouse,Restaurants and Cafes
restaurants,Restaurants and Cafes
restaurants and cafes,Restaurants and Cafes
"restaurants and cafes,bars/clubs",Hybrid Bar or Restaurant
"restaurants and cafes,book stores or retail shops",Restaurants and Cafes
"restaurants and cafes,bookstores/retail shops",Restaurants and Cafes
"restaurants and cafes,cruising areas",Restaurants and Cafes
"restaurants and cafes,erotica",Erotic Retail and Cinema
restaurants and feminist bookstore,Restaurants and Cafes
restaurants/supper clubs,Bars and Nightlife
retail shops,Bookstores and Retail
"retail shops,cruisy areas",Erotic Retail and Cinema
retreat,Accommodations
retreat / vacation house,Accommodations
roller disco,Bars and Nightlife
room mate service,Professional Services
room-mate service,Professional Services
rooming house,Accommodations
roommate matching services,Professional Services
roommate service,Professional Services
rural communities,"Organizations, Groups, and Community Centers"
rural community,"Organizations, Groups, and Community Centers"
sail boat charters,Travel Services and Tourism
sailing,Fitness and Recreation
salon tea,Restaurants and Cafes
sauna,Fitness and Recreation
sauna/gym,Fitness and Recreation
savings bank,Professional Services
sea charters,Travel Services and Tourism
sea cruise,Travel Services and Tourism
secretarial typing services,Professional Services
self defense,Fitness and Recreation
self-defense,Fitness and Recreation
self-defense school,Fitness and Recreation
sensuality store,Erotic Retail and Cinema
service,Professional Services
services,Professional Services
services center,"Organizations, Groups, and Community Centers"
sex clubs,Bathhouses and Men's Services
sex shops,Erotic Retail and Cinema
sexual awareness center and boutique,Erotic Retail and Cinema
sexual boutique,Erotic Retail and Cinema
sexuality boutique,Erotic Retail and Cinema
sexuality boutiques,Erotic Retail and Cinema
shop,Bookstores and Retail
show bar,Bars and Nightlife
show bars,Bars and Nightlife
show-bar,Bars and Nightlife
show-bars,Bars and Nightlife
showbar,Bars and Nightlife
showbar/restaurant,Bars and Nightlife
showbars,Bars and Nightlife
ski resort,Accommodations
snack bar,Restaurants and Cafes
social club,"Organizations, Groups, and Community Centers"
social educational group,"Organizations, Groups, and Community Centers"
social event,Other or Unclear
social group,"Organizations, Groups, and Community Centers"
social groups,"Organizations, Groups, and Community Centers"
softball,Fitness and Recreation
softball team,Fitness and Recreation
something different,Other or Unclear
spa,Fitness and Recreation
special events and holidays,Professional Services
special interest groups,"Organizations, Groups, and Community Centers"
special interests,"Organizations, Groups, and Community Centers"
specialty bookstore,Bookstores and Retail
specialty watch co,Bookstores and Retail
spiritual groups,Religious and Spiritual
spirituality center,Religious and Spiritual
sports,Fitness and Recreation
stage door,Other or Unclear
state college,Other or Unclear
steam baths,Fitness and Recreation
store,Bookstores and Retail
student group,"Organizations, Groups, and Community Centers"
student group/counselling,Health Services and Medical Clinics
student's grou,"Organizations, Groups, and Community Centers"
supper club,Bars and Nightlife
supperclub,Bars and Nightlife
surfing lessons,Fitness and Recreation
swimming pool/bar,Bars and Nightlife
switchboard,Information and Emergency Services
switchboard services,Information and Emergency Services
switchboards,Information and Emergency Services
switchboards / hotlines / crises lines,Information and Emergency Services
t shirts,Bookstores and Retail
taxi cabs,Professional Services
tea dance,Bars and Nightlife
tea room,Restaurants and Cafes
tea room/restaurant,Restaurants and Cafes
tea-room,Restaurants and Cafes
theater,Arts and Culture
theater and music events,Arts and Culture
theater group,Arts and Culture
theater/art,Arts and Culture
theater/arts center,Arts and Culture
theater/arts centers,Arts and Culture
theater/restaurant,Restaurants and Cafes
theaters,Arts and Culture
theatre,Erotic Retail and Cinema
"theatre,bars/clubs",Bars and Nightlife
"theatre,bars/clubs,cruising areas",Bars and Nightlife
"theatre,baths",Bathhouses and Men's Services
"theatre,book store",Erotic Retail and Cinema
"theatre,book store,cruising areas",Erotic Retail and Cinema
"theatre,book store,erotic shop",Erotic Retail and Cinema
"theatre,business",Arts and Culture
"theatre,cruising areas",Erotic Retail and Cinema
"theatre,cruising areas,book store",Erotic Retail and Cinema
"theatre,erotic shop",Erotic Retail and Cinema
"theatre,erotic shop,book store",Erotic Retail and Cinema
"theatre,erotic shop,cruising areas",Erotic Retail and Cinema
"theatre,restaurant",Restaurants and Cafes
therapists,Health Services and Medical Clinics
"therapists-counseling, etc.",Health Services and Medical Clinics
third world group,"Organizations, Groups, and Community Centers"
timeshare development,Accommodations
tour operators,Travel Services and Tourism
tourist and visitor information center,Travel Services and Tourism
tours,Travel Services and Tourism
travel,Travel Services and Tourism
travel agencies,Travel Services and Tourism
travel agencies and clubs,Travel Services and Tourism
travel agency,Travel Services and Tourism
travel agency or tour operators,Travel Services and Tourism
"travel agency or tour operators,accommodations",Travel Services and Tourism
"travel agency,hotel",Accommodations
"travel agency,hotel,restaurant,bars/clubs",Accomodations with Bar or Restaurant
travel agent,Travel Services and Tourism
travel agents,Travel Services and Tourism
travel and tour operators,Travel Services and Tourism
travel service,Travel Services and Tourism
"travel service,hotel",Accommodations
"travel service,publications",Travel Services and Tourism
travel/tour operators,Travel Services and Tourism
tv show,Arts and Culture
typesetting,Professional Services
university,Other or Unclear
unlisted,Other or Unclear
vacation accomodations,Accommodations
vacation and recreation,Travel Services and Tourism
vacation ranch,Accommodations
vacations,Travel Services and Tourism
veterinary hospital,Professional Services
victim / emergency services,Information and Emergency Services
"video / cards, etc.",Bookstores and Retail
visitors services,Travel Services and Tourism
walking tour,Travel Services and Tourism
wilderness trips,Travel Services and Tourism
woman's store,Bookstores and Retail
women only bed and breakfast guest house,Accommodations
women-only guest house,Accommodations
women's art gallery,Arts and Culture
women's book mail order,Bookstores and Retail
women's building,"Organizations, Groups, and Community Centers"
women's center,"Organizations, Groups, and Community Centers"
women's center/feminist bookstore,Bookstores and Retail
women's centers,"Organizations, Groups, and Community Centers"
women's club,"Organizations, Groups, and Community Centers"
women's club/restaurant,Restaurants and Cafes
women's coffee house,Restaurants and Cafes
women's coffeehouse,Restaurants and Cafes
women's community,"Organizations, Groups, and Community Centers"
women's crisis line,Information and Emergency Services
women's garage,Professional Services
women's guest house,Accommodations
women's gym,Fitness and Recreation
women's hair salon,Professional Services
women's holiday and travel agency,Travel Services and Tourism
women's holiday rentals,Accommodations
women's karate,Fitness and Recreation
women's land,"Organizations, Groups, and Community Centers"
women's land trust,"Organizations, Groups, and Community Centers"
women's library,Arts and Culture
women's music,Arts and Culture
women's radio,Arts and Culture
women's resort,Accommodations
women's restaurant/coffeeshop,Restaurants and Cafes
women's ret,Accommodations
women's retreat,Accommodations
women's show bar,Bars and Nightlife
women's spirituality,Religious and Spiritual
women's store,Bookstores and Retail
women's studies,"Organizations, Groups, and Community Centers"
women's studies convention,"Organizations, Groups, and Community Centers"
women's theater space,Arts and Culture
womyn's coffeehouse and gallery,Restaurants and Cafes
womyn's hostels / guest houses / retreats,Accommodations
womyn's land,"Organizations, Groups, and Community Centers"
womyn's spirituality / healing center,"Organizations, Groups, and Community Centers"
workshop,Other or Unclear
writer's collective,"Organizations, Groups, and Community Centers"
youth group,"Organizations, Groups, and Community Centers"
no site type,Other or Unclear
bars and bar/restaurants,Hybrid Bar or Restaurant
hotels/guest houses/motels,Accommodations
hotel/motels/guest houses,Accommodations
"hotel/motels/guest houses/resorts, etc",Accommodations
information services and crisis hotlines,Information and Emergency Services
information services and groups,"Organizations, Groups, and Community Centers"
battered lesbians,"Organizations, Groups, and Community Centers"
lesbian/gay bookstore,Bookstores and Retail
victim services,Information and Emergency Services
information services/organizations,Information and Emergency Services
television/radio/cable tv,Arts and Culture
women's bookstore,Bookstores and Retail
counseling centers and alternatives,Health Services and Medical Clinics
feminist bookstores,Bookstores and Retail
lesbian groups,"Organizations, Groups, and Community Centers"
media,Arts and Culture
social groups and events,Professional Services
womyn's hostels/guest houses/retreats,Accommodations
alternative/feminist bookstore,Bookstores and Retail
"archives/libraries, etc.",Arts and Culture
"guest house/bed and breakfast, etc.",Accommodations
"guest houses, etc.",Accommodations
health centres,Health Services and Medical Clinics
"hotel/guest houses/bed and breakfast, etc",Accommodations
information services/victim emergency services,Information and Emergency Services
lesbian/gay community center,"Organizations, Groups, and Community Centers"
lesbian/gay group,"Organizations, Groups, and Community Centers"
political action groups,"Organizations, Groups, and Community Centers"
"religious groups/churches, etc",Religious and Spiritual
"restaurants and cafes, etc.",Restaurants and Cafes
restaurants/cafe,Restaurants and Cafes
sport,Fitness and Recreation
victim/emergency services and legal advice,Information and Emergency Services
women's centres,"Organizations, Groups, and Community Centers"
action group,"Organizations, Groups, and Community Centers"
activist groups,"Organizations, Groups, and Community Centers"
alternative health clinic,Health Services and Medical Clinics
alternative/feminist bookshops,Bookstores and Retail
archives/lesbian history,Arts and Culture
bed and breakfast for women,Accommodations
business and trade organization,"Organizations, Groups, and Community Centers"
cabin/guest houses/bed and breakfast,Accommodations
counseling centers,Health Services and Medical Clinics
counseling/therapy/health centers,Health Services and Medical Clinics
doctors,Health Services and Medical Clinics
draper world travel,Travel Services and Tourism
feminist bookstore and cafe,Bookstores and Retail
feminist/alternative bookstores,Bookstores and Retail
feminist/lesbian bookstore,Bookstores and Retail
gay/lesbian organization,"Organizations, Groups, and Community Centers"
groups and services,"Organizations, Groups, and Community Centers"
"guest house/camping/bed and breakfast, etc.",Accommodations
"legal services/legal aid, etc.","Organizations, Groups, and Community Centers"
lesbian archives,Arts and Culture
lesbian-gay entertainment complex,Bars and Nightlife
lesbian-gay lounge/restaurant/cabaret show-bars,Hybrid Bar or Restaurant
lesbian-gay/restaurants,Restaurants and Cafes
lesbian/feminist bookstore,Bookstores and Retail
lesbian/gay counseling and therapy center,Health Services and Medical Clinics
lesbian/gay ice cream parlor,Restaurants and Cafes
lesbian/gay resort and motor inn,Accommodations
music and visual art,Arts and Culture
national organisation for women,"Organizations, Groups, and Community Centers"
older lesbians,"Organizations, Groups, and Community Centers"
professional groups,"Organizations, Groups, and Community Centers"
restaurant/taco bar,Restaurants and Cafes
"restaurants/cafes, etc.",Restaurants and Cafes
the key west sunday afternoon tea dances,Bars and Nightlife
women's bed and breakfast,Accommodations
a popular new rage,Bars and Nightlife
a women's orchestra!,Arts and Culture
acknowledged local info center,"Organizations, Groups, and Community Centers"
acupuncture and herbology,Health Services and Medical Clinics
adventure holidays for women,Travel Services and Tourism
adventures for women,Travel Services and Tourism
alternative bookstore/cafe/local info.,Bookstores and Retail
alternative-gay/lesbian bookstore,Bookstores and Retail
alternative/feminist bookstore and cafe,Bookstores and Retail
alternative/feminist/lesbian/gay bookstore,Bookstores and Retail
alternative/gay/lesbian bookstores,Bookstores and Retail
alternative/lesbian-gay bookstore,Bookstores and Retail
another year of harmony,Accommodations
"bars and cafes, etc.",Hybrid Bar or Restaurant
bars/cafes/restaurants,Hybrid Bar or Restaurant
bed and breakfast reservations service,Travel Services and Tourism
bed and breakfast retreat,Accommodations
black women,"Organizations, Groups, and Community Centers"
bookclub,"Organizations, Groups, and Community Centers"
camping for women/bed and breakfast,Travel Services and Tourism
catskill mountain retreat,Accommodations
chemically dependent treatment center,Health Services and Medical Clinics
clinics/health centers/counseling,Health Services and Medical Clinics
coffee house nights,Restaurants and Cafes
coffee-bars and cafes,Restaurants and Cafes
concert club/restaurant and bar,Hybrid Bar or Restaurant
contact service,Professional Services
"counseling and health, etc.",Health Services and Medical Clinics
counseling and therapy-private and community,Health Services and Medical Clinics
counseling/health services,Health Services and Medical Clinics
emergency-victim services,Information and Emergency Services
feminist bookstore and acknowledged local information center,Bookstores and Retail
feminist bookstore and bookmobile,Bookstores and Retail
feminist bookstore and information center,Bookstores and Retail
feminist bookstore/coffeehouse/art gallery,Bookstores and Retail
feminist bookstore/local information center,Bookstores and Retail
feminist bookstore/restaurant/overnight lodging,Bookstores and Retail
feminist library,Arts and Culture
feminist school,"Organizations, Groups, and Community Centers"
feminist-gay/lesbian bookstore,Bookstores and Retail
"feminist/lesbian restaurant, bar and gallery",Hybrid Bar or Restaurant
feminist/progressive bookstore and cafe,Bookstores and Retail
feminist/women's bookstore,Bookstores and Retail
for cover or convenience,Professional Services
gay center and information services,Information and Emergency Services
gay rap,"Organizations, Groups, and Community Centers"
gay rights group,"Organizations, Groups, and Community Centers"
gay theatre,Arts and Culture
gayline,Information and Emergency Services
gift shop,Bookstores and Retail
group/organization,"Organizations, Groups, and Community Centers"
groups/- special interest groups,"Organizations, Groups, and Community Centers"
guest house/b and b,Accommodations
"guest houses, bed and breakfast, etc.",Accommodations
hair salon,Professional Services
health,Health Services and Medical Clinics
health centers/services/medical practitioner and counselors/therapists,Health Services and Medical Clinics
health services,Health Services and Medical Clinics
historical perspective lesbian-gay walking tour,Arts and Culture
information,Information and Emergency Services
information and resources,Information and Emergency Services
information services/gay-lesbian organization,Information and Emergency Services
information services/newsletter,Publications
lesbian and gay bookstore,Bookstores and Retail
lesbian and gay community center,"Organizations, Groups, and Community Centers"
lesbian and gay travel information,Information and Emergency Services
lesbian bookstore!,Bookstores and Retail
lesbian club,"Organizations, Groups, and Community Centers"
lesbian discussion group,"Organizations, Groups, and Community Centers"
lesbian domestic violence,"Organizations, Groups, and Community Centers"
lesbian group-social and political,"Organizations, Groups, and Community Centers"
lesbian herstory,Arts and Culture
lesbian introduction service,Information and Emergency Services
lesbian lodge,Accommodations
lesbian productions,Arts and Culture
lesbian social group- meet lesbians in your borough!,"Organizations, Groups, and Community Centers"
lesbian videos,Arts and Culture
lesbian-gay center,"Organizations, Groups, and Community Centers"
lesbian-gay dance instruction bar,Bars and Nightlife
lesbian-gay secondhand bookstore,Bookstores and Retail
lesbian/alternative music/bookstore,Bookstores and Retail
lesbian/feminist action group,"Organizations, Groups, and Community Centers"
lesbian/feminist mail order service,Bookstores and Retail
lesbian/gay bookstore and cafe cat supplies!,Bookstores and Retail
lesbian/gay center,"Organizations, Groups, and Community Centers"
lesbian/gay entertainment complex,Bars and Nightlife
lesbian/gay luxury cabins-reosrt,Accommodations
lesbian/gay student organization,"Organizations, Groups, and Community Centers"
licensed clinical social worker,Health Services and Medical Clinics
medical,Health Services and Medical Clinics
"medical practitioners-including; dentists, alternative, counselling",Health Services and Medical Clinics
mental health counsellor,Health Services and Medical Clinics
metropolitan organization to counter sexual assault-rape and incest,"Organizations, Groups, and Community Centers"
naughty gift shop,Erotic Retail and Cinema
neuromuscular massage,Health Services and Medical Clinics
projected lesbian community center,"Organizations, Groups, and Community Centers"
radio/television/video,Arts and Culture
restaurant/bar/entertainment,Hybrid Bar or Restaurant
social and cultural groups,"Organizations, Groups, and Community Centers"
social club for women,"Organizations, Groups, and Community Centers"
something special,Other or Unclear
special lesbian and gay events,Professional Services
spirituality,Religious and Spiritual
student organization,"Organizations, Groups, and Community Centers"
"television/radio/cable, etc",Arts and Culture
thrift store,Bookstores and Retail
trade organization,"Organizations, Groups, and Community Centers"
travel and adventure service,Travel Services and Tourism
victim emergency service,Information and Emergency Services
victim-emergency resource,Information and Emergency Services
victim-emergency services,Information and Emergency Services
victim/emergency resources,Information and Emergency Services
video rentals,Bookstores and Retail
woman owned and operated restaurant,Restaurants and Cafes
women working together,"Organizations, Groups, and Community Centers"
women's bed and breakfast beach,Accommodations
women's book- mail order,Bookstores and Retail
women's coffeehouse nights,Other or Unclear
women's gallery,Arts and Culture
women's gallery/shoppe,Bookstores and Retail
women's inn,Accommodations
women's library and center,Arts and Culture
women's museum,Arts and Culture
women's night club,Bars and Nightlife
women's organizations,"Organizations, Groups, and Community Centers"
women's resource center,"Organizations, Groups, and Community Centers"
women's venues,Other or Unclear
womens' bar,Bars and Nightlife
womyn's guest house,Accommodations
womyn's guesthouse,Accommodations
feminist psychotherapy,Health Services and Medical Clinics
resources/references,Information and Emergency Services
sports group,Fitness and Recreation
sportswear and accessories,Bookstores and Retail