"type","count"
"",264
"A.A.",4
"AA",3
"Accommodation",8
"Accommodation - Guest Houses, etc.",2
"Accommodations",13896
"Accommodations,Bars",1
"Accommodations,Bars/Clubs",1
"Accommodations,Cruising Areas",1
"Accommodations,Cruisy Areas",4
"Accommodations,Info Lines & Services",2
"Accommodations,Restaurants & Cafes",1
"Accommodations,Travel Agency or Tour Operators",1
"Accomodation Agency",1
"Accomodations",490
"Accountant",2
"Accountants",3
"Accounting and Income Tax Services",2
"Activities for Fat Women",1
"Acupuncture",2
"Adventure",1
"Adventure Vacations",3
"Advertising Agency",1
"Advertising Specialties / Promotional Items / Trophies and Awards / Buttons / T-Shirts",1
"Aikido School",1
"Alcohol and Drug Abuse Centers",2
"Alcoholics Anonymous",1
"Alcoholism Center",2
"Alcoholism, Chemical Dependency, Drug Abuse Counseling",2
"All-Gay Guest House",1
"Alternative / Feminist Bookstores",8
"Alternative / Spirituality Bookstore",1
"Alternative Bookshop",2
"Alternative Bookstore",56
"Alternative Bookstore / Cafe / Local Info.",1
"Alternative Bookstores",26
"Alternative and General Bookstores",5
"Animal Clinic",1
"Antiques",1
"Apartment Locations",1
"Apartments",1
"Apartments/Cottages",5
"Archives",19
"Archives / Libraries",6
"Archives/Libraries,etc.",5
"Art & FIlm Gallery",1
"Art Center",1
"Art Gallery",18
"Athletic Association",1
"Attorney",5
"Attorney's",16
"Attorneys",59
"Attorneys & Legal Aid, etc.",3
"Attorneys / Legal Services / Legal Referrals, etc.",1
"Attorneys/Legal Assistance",1
"Auto Repair",4
"Bakery",1
"Bar",716
"Bar & Cafes, etc.",2
"Bar / Restaurants",80
"Bar / Swimming Pool",1
"Bar Guide",1
"Bar Night",1
"Bar/Coffeehouse",1
"Bar/Restaurant",199
"Bar/Restuarant",36
"Bar/Swimming Pool",2
"Bargain Shop",1
"Bars",22836
"Bars & Bars / Restaurants",23
"Bars & Nightclubs",1864
"Bars, ETC.",3
"Bars,Cafes",1
"Bars,Cruising Areas",131
"Bars,Cruisy Areas",74
"Bars,Restaurants & Cafes",1
"Bars/Clubs",32786
"Bars/Clubs,Bathhouses",37
"Bars/Clubs,Bathhouses,Hotel",1
"Bars/Clubs,Baths",8
"Bars/Clubs,Baths,Hotel,Restaurant",1
"Bars/Clubs,Book Store",28
"Bars/Clubs,Book Store,Cruising Areas",1
"Bars/Clubs,Book Store,Erotic Shop",3
"Bars/Clubs,Business",7
"Bars/Clubs,Business,Cruising Areas",1
"Bars/Clubs,Business,Erotic Shop",1
"Bars/Clubs,Business,Hotel,Restaurant",1
"Bars/Clubs,Cruising Areas",1340
"Bars/Clubs,Cruising Areas,Book Store",2
"Bars/Clubs,Cruising Areas,Hotel",18
"Bars/Clubs,Cruising Areas,Restaurant",14
"Bars/Clubs,Cruising Areas,Theatre",2
"Bars/Clubs,Erotic Shop",4
"Bars/Clubs,Gym",1
"Bars/Clubs,Hotel",977
"Bars/Clubs,Hotel,Bathhouses",1
"Bars/Clubs,Hotel,Baths",2
"Bars/Clubs,Hotel,Cruising Areas",8
"Bars/Clubs,Hotel,Restaurant",19
"Bars/Clubs,Hotel,Restaurant,Business",1
"Bars/Clubs,Hotels",36
"Bars/Clubs,Hotels,Restaurant",5
"Bars/Clubs,Organizations",1
"Bars/Clubs,Restaurant",875
"Bars/Clubs,Restaurant,Bathhouses",2
"Bars/Clubs,Restaurant,Baths",1
"Bars/Clubs,Restaurant,Book Store",7
"Bars/Clubs,Restaurant,Business",1
"Bars/Clubs,Restaurant,Cruising Areas",25
"Bars/Clubs,Restaurant,Cruising Areas,Bathhouses",2
"Bars/Clubs,Restaurant,Hotel",26
"Bars/Clubs,Restaurant,Hotel,Hotel",7
"Bars/Clubs,Restaurant,Hotels",1
"Bars/Clubs,Restaurant,Theatre",1
"Bars/Clubs,Restaurants & Cafes",4
"Bars/Clubs,Theatre",28
"Bars/Clubs,Theatre,Baths",1
"Bars/Clubs,Theatre,Cruising Areas",6
"Bars/Clubs,Theatre,Restaurant",1
"Bars/Clubs,Travel Agency",1
"Bars/Restaurants",58
"Bars[3X]",1
"Bath House",3
"Bath Houses",3
"Bathhouses",1052
"Bathhouses,Bars/Clubs",4
"Bathhouses,Bars/Clubs,Cruising Areas",1
"Bathhouses,Bars/Clubs,Hotel",1
"Bathhouses,Cruising Areas",4
"Bathhouses,Erotic Shop",5
"Bathhouses,Gym",19
"Bathhouses,Hotel",31
"Bathhouses,Restaurant",1
"Bathhouses,Restaurant,Hotel",1
"Baths",1441
"Baths,Bars/Clubs",10
"Baths,Bars/Clubs,Cruising Areas",1
"Baths,Bars/Clubs,Hotel",1
"Baths,Book Store",2
"Baths,Business",8
"Baths,Cruising Areas",1
"Baths,Hotel",36
"Baths,Organizations",2
"Baths,Restaurant",5
"Baths,Restaurant,Bars/Clubs",2
"Baths,Theatre,Bars/Clubs",1
"Beach",7
"Bed and Breakfast",6
"Bed and Breakfast Inn",1
"Book Store",3762
"Book Store,Bars/Clubs",4
"Book Store,Bars/Clubs,Cruising Areas",3
"Book Store,Bars/Clubs,Erotic Shop,Business",1
"Book Store,Bars/Clubs,Theatre",4
"Book Store,Bathhouses,Erotic Shop",1
"Book Store,Business",50
"Book Store,Business,Cruising Areas",3
"Book Store,Community Center/Support Group",2
"Book Store,Cruising Areas",402
"Book Store,Cruising Areas,Business",2
"Book Store,Cruising Areas,Erotic Shop",45
"Book Store,Cruising Areas,Erotic Shop,Theatre",1
"Book Store,Cruising Areas,Religious Institution",1
"Book Store,Cruising Areas,Theatre",3
"Book Store,Cruising Areas,Theatre,Business",1
"Book Store,Erotic Shop",546
"Book Store,Erotic Shop,Bars/Clubs",1
"Book Store,Erotic Shop,Bathhouses",2
"Book Store,Erotic Shop,Cruising Areas",44
"Book Store,Erotic Shop,Theatre",2
"Book Store,Hotel",1
"Book Store,Hotel,Erotic Shop",5
"Book Store,Organization",1
"Book Store,Publication",2
"Book Store,Restaurant",7
"Book Store,Theatre",86
"Book Store,Theatre,Baths",1
"Book Store,Theatre,Cruising Areas",14
"Book Store,Theatre,Cruising Areas,Erotic Shop",1
"Book Store,Theatre,Erotic Shop",10
"Book Store,Theatre,Erotic Shop,Cruising Areas",1
"Book Stores or Retail Shops",224
"Book Stores or Retail Shops,Erotica",1
"Book Stores/Retail Shops",182
"Bookcenter",1
"Books, Cards And Gift Shop",1
"Books, Cards and Gift Shop",2
"Bookshop",6
"Bookstore",149
"Bookstore Cafe",1
"Bookstore/Art Gallery",1
"Bookstore/Cafe",1
"Bookstore/Coffeehouse",1
"Bookstore/Coffeehouse ",1
"Bookstore/Feminist Specialty Shop",1
"Bookstore/Publishing House",1
"Bookstore/Records",1
"Bookstore/Retail Shops",250
"Bookstores",1603
"Bookstores & Retail Shops",458
"Bookstores / Cafe",2
"Bookstores,Cruisy Areas",1
"Bookstores/Retail Shops",1876
"Bookstores/Retail Shops,Cruisy Areas",1
"Bookstores/Retail Shops,Travel/Tour Operators",1
"Boutique",2
"Bowling League",1
"Business",1019
"Business Association ",1
"Business Consultants",1
"Business Consultants ",1
"Business and Trade Organizations",2
"Business,Bars/Clubs",1
"Business,Book Store",51
"Business,Book Store,Cruising Areas",2
"Business,Book Store,Erotic Shop",1
"Business,Book Store,Theatre",1
"Business,Cruising Areas",13
"Business,Cruising Areas,Book Store",1
"Business,Cruising Areas,Erotic Shop",1
"Business,Cruising Areas,Restaurant",1
"Business,Erotic Shop",16
"Business,Erotic Shop,Book Store",1
"Business,Escort Service",1
"Business,Hotel",20
"Business,Organization",6
"Business,Organizations",1
"Business,Restaurant",8
"Business,Theatre",2
"Business,Travel Service",1
"Buttons",1
"Cab Company",3
"Cabin",1
"Cabins & Camping",1
"Cafe",1
"Cafe / Club",1
"Cafe / Gallery",1
"Cafe/Bookstore",1
"Cafe/Coffeehouse",1
"Cafe/Gallery",2
"Cafes",1424
"Camp Grounds",2
"Campground",3
"Campground/Retreat",2
"Camping",1
"Camping For Women",1
"Camping Program",2
"Camping Space",3
"Camping and Cabins",3
"Camping for Women",1
"Cape Coral",1
"Captained Charted Sailings",2
"Card Shop",1
"Cat Doctor",1
"Center",73
"Center/Bookstore",1
"Center/Groups",2
"Centers",248
"Centers / Groups",2
"Centers / Organizations / Groups",1
"Centers / Switchboards",5
"Centers and Organizations",2
"Centers/Organizations/Groups",1
"Ceremony",1
"Chemical Dependency Association",2
"Chemical Dependency Clinic",2
"Church",346
"Church,Organizations",1
"Cinema",1
"Classes",3
"Clinic",6
"Clinics / Health Centers / Counseling",15
"Clothing",1
"Club ",1
"Coffee Bar",1
"Coffee House",2
"Coffee House/Art Gallery",4
"Coffee House/Art Gallery ",1
"Coffeebar",1
"Coffeehouse",40
"Coffeehouse / Cafe",2
"Coffeehouse/Bar",1
"Coffeehouse/Cafe",1
"Coffeehouse/Cultural Center",1
"Coffeehouses",26
"Coffeehouses and Cafe / Bars",3
"Committee",1
"Community Center/ Support Group",30
"Community Center/ Support Group,Hotline",2
"Community Center/ Support Group,Publication",1
"Community Center/ Support Group,Religious Institution",2
"Community Center/Support Group",200
"Community Center/Support Group,Hotline",4
"Community Center/Support Group,Hotlines",1
"Community Center/Support Group,Organization",2
"Computer Services",1
"Counseling",13
"Counseling / Health / Clinics / Medical Treatment",8
"Counseling / Health Services",1
"Counseling / Therapy / Health Centers",2
"Counseling / Therapy / Massage",2
"Counseling Center",1
"Counseling Centers / Health Centers, etc.",6
"Counseling Centers/Health Centers, etc",4
"Counseling Service",13
"Counseling Services/Therapy/Massage",3
"Counseling and Health",1
"Counseling and Health Services",1
"Counseling and Health Services --Community Organized",2
"Counseling and Health,etc",1
"Counseling and Psychotherapy",2
"Counseling and Therapy",10
"Counseling and Therapy-Private",1
"Counseling/Therapy",4
"Counselling / Health / Clinics / Medical Treatment",9
"Counselling And Therapy",2
"Counselling Institute",2
"Counselling/Health",1
"Counselling/Therapy",23
"Counselors / Therapists / Psychologists, etc.",2
"Country B&B",1
"Country Club",7
"Country Trips",1
"Craft Market",1
"Crafts Shop and Gallery",1
"Cruising Areas",25909
"Cruising Areas,Accommodations",1
"Cruising Areas,Bars",2
"Cruising Areas,Bars/Clubs",438
"Cruising Areas,Bars/Clubs,Hotel",10
"Cruising Areas,Bars/Clubs,Hotel,Restaurant",1
"Cruising Areas,Bars/Clubs,Restaurant",12
"Cruising Areas,Bathhouses",18
"Cruising Areas,Bathhouses,Bars/Clubs,Hotel",1
"Cruising Areas,Baths",5
"Cruising Areas,Book Store",264
"Cruising Areas,Book Store,Bars/Clubs",1
"Cruising Areas,Book Store,Business",4
"Cruising Areas,Book Store,Erotic Shop",51
"Cruising Areas,Book Store,Theatre",4
"Cruising Areas,Business",16
"Cruising Areas,Business,Erotic Shop,Restaurant,Bars/Clubs",1
"Cruising Areas,Campground",1
"Cruising Areas,Community Center/Support Group",2
"Cruising Areas,Erotic Shop",25
"Cruising Areas,Erotic Shop,Book Store",17
"Cruising Areas,Erotic Shop,Restaurant,Book Store",1
"Cruising Areas,Erotica",1
"Cruising Areas,Gym",10
"Cruising Areas,Hotel",189
"Cruising Areas,Hotel,Bars/Clubs",8
"Cruising Areas,Hotel,Gym",5
"Cruising Areas,Hotel,Restaurant",1
"Cruising Areas,Hotels",1
"Cruising Areas,Hotlines",1
"Cruising Areas,Organizations",62
"Cruising Areas,Organizations,Hotel",2
"Cruising Areas,Publications",1
"Cruising Areas,Religious Institution",3
"Cruising Areas,Restaurant",111
"Cruising Areas,Restaurant,Bars/Clubs",10
"Cruising Areas,Restaurant,Hotel",2
"Cruising Areas,Theatre",207
"Cruising Areas,Theatre,Book Store",4
"Cruising Areas,Theatre,Erotic Shop,Book Store",1
"Cruising Areas,Travel Service",1
"Cruisy Areas",4730
"Crusiy Areas",45
"Cultural Center",1
"Cultural Complex",1
"Cultural Organizations",2
"Dance Lessons",1
"Dating Service",2
"Dating Services",3
"Daytona",1
"Delicatessen",2
"Dentist",5
"Dentists",14
"Directory",3
"Disco",5
"Disco Night",2
"Disco/Baths",1
"Discussion Group",8
"Distributors",1
"Drug Clinic",1
"Drug/Alcohol Services",2
"Educational Institution",2
"Emergency Services",2
"Emergency Victim Services",1
"Entertainment & Recreation",986
"Entertainment & Recreation,Cruisy Areas",3
"Erotic Shop",454
"Erotic Shop,Bars/Clubs",3
"Erotic Shop,Book Store",102
"Erotic Shop,Book Store,Cruising Areas",6
"Erotic Shop,Book Store,Theatre",2
"Erotic Shop,Business",7
"Erotic Shop,Cruising Areas",15
"Erotic Shop,Cruising Areas,Book Store",3
"Erotic Shop,Theatre",1
"Erotic Shop,Theatre,Cruising Areas",2
"Erotica",7154
"Erotica,Book Stores or Retail Shops",1
"Erotica,Cruising Areas",3
"Erotica,Cruisy Areas",5
"Erotica/Adult Books",63
"Erotica/Adult Groups",337
"Erotica/Adult Groups,Cruising Areas",1
"Escort Service",21
"Escort and Model Services",64
"Escorts & Model Services",7
"Event",3
"Events",10
"Feminist / Lesbian Bookstore",1
"Feminist / Progressive Bookstore and Cafe",1
"Feminist Books - Mail Order",1
"Feminist Bookstore",292
"Feminist Bookstore ",7
"Feminist Bookstore / Cafe",2
"Feminist Bookstore / Coffeehouse / Art Gallery",1
"Feminist Bookstore / Restaurant / Overnight Lodging",1
"Feminist Bookstore and Art Gallery",1
"Feminist Bookstore and Women's Resource Center",1
"Feminist Center and Bookstore",1
"Feminist Coffeehouse",3
"Feminist Entertainment Center",1
"Feminist Garage",1
"Feminist Health Clinic",1
"Feminist Library and Newsletter",1
"Feminist Newspaper",2
"Feminist Organization and Networking Center",1
"Feminist Periodical",1
"Feminist Restaurant",4
"Feminist Restaurant and Bookstore",1
"Feminist Restaurant/Bookstore",2
"Feminist Retreat",1
"Feminist Shop",4
"Feminist Shop & Bookstore",2
"Feminist Shops",3
"Feminist Social Club & Restaurant",1
"Feminist Social Club and Restaurant",1
"Feminist Store",14
"Feminist Stores",2
"Feminist Theater Group",1
"Feminist Theatre",1
"Feminist Therapists",1
"Festival",1
"Fitness Center",3
"Food Store",3
"For review",17
"For review,Restaurant",1
"Framing Shop",2
"Friendship Network",1
"Funeral Director",1
"Funeral Services",1
"Garage",5
"Gay / Lesbian / Feminist Bookstore",1
"Gay / Lesbian Bookstore",18
"Gay / Lesbian Center",12
"Gay / Lesbian Group",12
"Gay / Lesbian Library",1
"Gay / Lesbian Organization",1
"Gay / Lesbian Political Group",1
"Gay Beach",3
"Gay Bookstore",2
"Gay Boutique",1
"Gay Center",8
"Gay Centre",3
"Gay Coffeehouse",1
"Gay Complex",5
"Gay Complex / Resort",3
"Gay Complex/Resort",3
"Gay Gift Shop",1
"Gay Group",5
"Gay Helpline",1
"Gay Hotline",9
"Gay Information Line",1
"Gay News & Events",1
"Gay Oasis",1
"Gay Relationship Club",1
"Gay Resort",1
"Gay Shop",1
"Gay Switchboard",2
"Gay/Alternative Bookstore",6
"Gay/Bookstore",1
"Gay/Lesbian Bookstore",22
"Gay/Lesbian Bookstore and Cafe",1
"Gay/Lesbian Bookstores",2
"Gay/Lesbian Center",9
"Gay/Lesbian Group",20
"Gay/Lesbian Organzation",1
"Gay/Lesbian Political Group",1
"Gay/Lesbian Restaurant",3
"Gay/Lesbian/Feminist Bookstore",2
"General Bookstore",8
"General Bookstores",2
"General and Alternative Bookstore",5
"General and Alternative Bookstores",2
"Gift Store",5
"Goddess Crafts",2
"Graphic Consultant",2
"Graphic Design",3
"Group",227
"Group ",20
"Groups",159
"Groups & Organizations",12
"Groups - Special Interest Groups",4
"Groups / Organizations",5
"Groups / Organizations and Services",3
"Groups and Organizations",5
"Groups/-- Special Interest Groups",2
"Groups/Organizations",7
"Groups/Organizations and Services",4
"Guest House",40
"Guest House Referral Agency",2
"Guest Houses",24
"Guest Houses / Bed and Breakfast",13
"Guest Ranch",1
"Guide Book",3
"Gym",202
"Gym,Bathhouses",3
"Gym,Cruising Areas",1
"Gym,Hotel",2
"Gym,Restaurant",1
"Gym/Health Club",13
"Gym/Health Clubs",89
"Gyms & Health Clubs",481
"Gyms/Health Clubs",267
"Hairdressers",4
"Hairdressing",2
"Hairstyling",1
"Headshop",1
"Healing Center",2
"Health - Centers / Clinics / Counselling / Practitioners",2
"Health / Clinics / Counseling",4
"Health Care",2
"Health Center",64
"Health Center / Clinic / Counseling",1
"Health Center/Clinic/Counseling",12
"Health Center/Clinic/Counselling",9
"Health Centers / Clinics / Counseling / Practitioners",7
"Health Centers / Counseling and Therapy, etc.",2
"Health Centers / Services / Medical Practitioner and Counselors / Therapists",1
"Health Centers and Counseling",5
"Health Centers/Clinics/Counselling",7
"Health Centers/Counseling and Therapy, etc.",4
"Health Centers/Counseling,etc",2
"Health Clinic",63
"Health Clinic ",3
"Health Collective",1
"Herbal Medicine",1
"Herbal Medicine and Psychic Skills",3
"Herbalist",9
"Holiday Apartments",1
"Hotel",3443
"Hotel / Gay Complex",1
"Hotel,Bars/Clubs",439
"Hotel,Bars/Clubs,Baths",1
"Hotel,Bars/Clubs,Cruising Areas",13
"Hotel,Bars/Clubs,Restaurant",30
"Hotel,Bars/Clubs,Restaurant,Baths",1
"Hotel,Bars/Clubs,Restaurant,Cruising Areas",7
"Hotel,Bathhouses",29
"Hotel,Bathhouses,Cruising Areas",2
"Hotel,Baths",18
"Hotel,Book Store",5
"Hotel,Book Store,Erotic Shop",1
"Hotel,Business",3
"Hotel,Community Center/Support Group",1
"Hotel,Cruising Areas",31
"Hotel,Cruising Areas,Bathhouses",2
"Hotel,Cruising Areas,Baths",1
"Hotel,Cruising Areas,Restaurant",2
"Hotel,Erotic Shop",1
"Hotel,Gym",14
"Hotel,Gym,Bathhouses",1
"Hotel,Gym,Cruising Areas",4
"Hotel,Gym,Travel Service",1
"Hotel,Organizations",6
"Hotel,Religious Institution,Bars/Clubs,Restaurant",1
"Hotel,Restaurant",158
"Hotel,Restaurant,Bars/Clubs",44
"Hotel,Restaurant,Bathhouses",2
"Hotel,Restaurant,Baths",1
"Hotel,Restaurant,Business",1
"Hotel,Restaurant,Cruising Areas",3
"Hotel,Restaurant,Cruising Areas,Bars/Clubs",1
"Hotel,Restaurant,Gym",4
"Hotel,Restaurant,Gym,Bathhouses",1
"Hotel,Restaurant,Travel Service",1
"Hotel,Theatre",2
"Hotel,Theatre,Business",1
"Hotel,Travel Agency",4
"Hotel,Travel Service",25
"Hotel,Travel Service,Bars/Clubs",1
"Hotel,Travel Service,Restaurant",1
"Hotel-Restaurant-Disco",1
"Hotel/Bar",7
"Hotel/Bar/Restaurant",3
"Hotel/Gay Complex",1
"Hotel/Motel",22
"Hotel/Private Disco CLub",1
"Hotel/Private Disco Club",1
"Hotel/Resort",2
"Hotel/Resort/Disco",1
"Hotels",93
"Hotels / Guest Houses, etc",2
"Hotels / Motels / Guest Houses / B&B, etc.",15
"Hotels,Bars/Clubs",5
"Hotels,Bars/Clubs,Restaurant",1
"Hotels,Restaurant",3
"Hotels,Restaurant,Bars/Clubs",3
"Hotels/Guest Houses,etc",4
"Hotels/Motels",2
"Hotels/Motels/Guest Houses",38
"Hotels/Motels/Guest Houses Etc.",44
"Hotels/Motels/Guest Houses/Bed and Breakfast, etc",1
"Hotels/Motels/Guest Houses/ETC",56
"Hotels/Motels/Guest Houses/Resorts",1
"Hotels/Motels/Guesthouses",23
"Hotline",365
"Hotline,Community Center/ Support Group",1
"Hotline,Community Center/Support Group",6
"Hotline,Organization",1
"Hotline,Religious Institution",5
"Hotlines",187
"Hotlines / Emergency Services for Women",3
"Hotlines,Community Center/Support Group",3
"Hotlines,Organization",3
"Hotlines,Publication",1
"Hotlines,Religious Institution",2
"Hotlines/Emergency Services For Women",3
"Housing Project",1
"Ice Cream Parlor",1
"Ice Cream Parlour",2
"Ice Cream Shop",4
"Info Lines & Services",10515
"Info Lines & Services,Accommodations",2
"Info Services",1
"Information & Victim-Emergency Services",5
"Information Center",1
"Information Services",113
"Information and Emergency Services",5
"Inn",5
"Insurance",3
"Insurance Agent",1
"Introduction Services",4
"Jeweler",1
"Jewellery",1
"Jewelry",6
"Jewelry/Crafts",7
"Kennels",1
"Land Retreat",1
"Land Trust",6
"Lawyer",4
"Lawyers",1
"Lawyers Assocation",1
"Leather Sandals",1
"Legal Aid",2
"Legal Clinic",1
"Lesbian / Feminist Mail Order Service",1
"Lesbian / Gay Bookstore",4
"Lesbian / Gay Center",1
"Lesbian / Gay Coffeehouse Night",1
"Lesbian / Gay Community Center",3
"Lesbian / Gay Ice Cream Parlor",1
"Lesbian / Gay Library",1
"Lesbian / Gay Luxury Cabins-Resort",1
"Lesbian / Gay Social and Political Group",1
"Lesbian / Gay Student Organization",1
"Lesbian AA",2
"Lesbian Accountants",1
"Lesbian Books Mail Order Service",1
"Lesbian Bookstore",2
"Lesbian Campgrounds",1
"Lesbian Center",7
"Lesbian Entertainment Complex",1
"Lesbian Feminist Counseling / Therapy",1
"Lesbian Feminist Theater Group",1
"Lesbian Group",13
"Lesbian Land",2
"Lesbian Library",2
"Lesbian Mothers",8
"Lesbian Mothers Organization ",1
"Lesbian Network",1
"Lesbian Organization",3
"Lesbian Photographers",2
"Lesbian Resort",1
"Lesbian Resource Center",1
"Lesbian Service Organization",1
"Lesbian Social Club",3
"Lesbian Social Group",5
"Lesbian Social Organization",1
"Lesbian Space",2
"Lesbian/Gay Personal Ads Newsletter",1
"Lesbian/Gay Service Center",1
"Library",7
"Library/Archives/Research Facility",1
"Literary Group",1
"Lodge",5
"Lodge/Disco/Restaurant ",1
"Magazine",5
"Mail Order",4
"Mail Order ",1
"Martial Arts",7
"Massage",3
"Matching Service",1
"Mediation Consultant",1
"Medical Care",1
"Medical Practitioners",2
"Medical Practitioners / Counselors / Therapists",1
"Medical Practitioners--Including Alternative",14
"Medical Service",1
"Men's Clubs",918
"Men's Clubs,Cruising Areas",1
"Men's Services",1168
"Metaphysical Bookstore",3
"Mobile Feminist Bookstore",1
"Model Agency,Escort Service",1
"Motel",20
"Motel/Apartments ",1
"Motel/Bar",1
"Motel/Bars",5
"Motels",23
"Movie Gallery",1
"Moving and Deliveries",1
"Museum / Archives",1
"Music",2
"Music Collective",1
"Music Festival",2
"Music Producers",1
"Music Producers and Promoters",3
"Music Production",2
"Music Store",1
"N.O.W.",25
"NOW",8
"Natural Foods",1
"Newsletter",3
"Newspaper",32
"Newsstand",1
"Nightclubs",2878
"Nightclubs,Cruisy Areas",3
"Occult",2
"Occult Services",3
"Occult Shop",6
"Occult Supplies",3
"Occult, Astrology",2
"Occult/Astrology",3
"Older Lesbian Groups",4
"Open House",4
"Open Lesbian Land",1
"Organisation and Services",35
"Organization",556
"Organization ",10
"Organization and Service",111
"Organization and Services",12
"Organization,Book Store",1
"Organization,Business",1
"Organization,For review",1
"Organization,Hotline",2
"Organization,Hotlines",2
"Organization,Religious Institution",3
"Organization/Center",1
"Organization/Groups ",2
"Organizations",316
"Organizations / Groups / Services",1
"Organizations and Groups",3
"Organizations and Groups - Including Special Interests",3
"Organizations and Services",8
"Organizations,Bars/Clubs",2
"Organizations,Business",1
"Organizations,Hotel",3
"Organizations,Restaurant",1
"Organizations. ETC.",9
"Organizations/Coffehouse",2
"Other Bars--Mostly Gay Men & Mixed Clientel",8
"Other Bookshops / Videos",2
"Other Bookstores",2
"Other Centers",2
"Other Guest Houses",2
"Other Lesbian Special Interest Groups",2
"Other Services",2
"Outdoor Group",7
"Outdoor Trips",2
"Outdoor Trips for Women",1
"Overnight Accomodation",1
"PIano Tuner",1
"PIano Tuning",1
"Pamphlet & Periodoical Outlet",2
"Parents Group",1
"Penpal/Friendship Club",1
"Performance Space",1
"Personal Contact Club",2
"Personal Contacts/Housing",3
"Personal Contacts/Travel Clubs",1
"Photographers",1
"Photography",1
"Pier",4
"Poetry/Music Collective",1
"Politcal Group",1
"Political Group",12
"Political/Legislative",2
"Pool Hall",1
"Post Cards",1
"Press",1
"Printers",4
"Printing",5
"Printing Service",1
"Printing/Graphics",6
"Private Club",2
"Private Gay Resort",1
"Private Healthcare",3
"Private Parties",2
"Production Company",5
"Professional Association",3
"Professional Organizations",1
"Progressive Bookstore",2
"Projected Resort and Residential Community For Gay People",1
"Promotional Items",1
"Psychic Center",1
"Psychotherapist",1
"Public Relations",2
"Publication",732
"Publication,Book Store",8
"Publications",2858
"Publications with National Scope",1
"Publications,Cruising Areas",1
"Publications,Organization",3
"Publications/Bar Guides",3
"Publisher/Distributor",1
"Publishers",1
"Radio",1
"Radio & TV",1
"Radio & Television Programs",5
"Radio Program",45
"Radio Program & Television",2
"Radio Programs",7
"Radio Station",1
"Radio and Television",21
"Ranch",2
"Rap Lines",1
"Rape Crisis",2
"Rape Crisis / Domestic Violence",1
"Real Estate Agency ",1
"Real Estate Agent",2
"Realtors",1
"Record Shop",3
"Records/Music",2
"Recreational Retreat",2
"Religious",4
"Religious Center",1
"Religious Group",22
"Religious Groups",500
"Religious Groups and Helpline",3
"Religious Groups and Organizations",2
"Religious Institution",1459
"Religious Institution,Community Center/ Support Group",2
"Religious Institution,Community Center/Support Group",7
"Religious Institution,Hotline",3
"Religious Institution,Hotlines",1
"Religious Institution,Organization",1
"Religious Organization",391
"Religious Organizations",1140
"Religious Organizations,Info Lines & Services",1
"Resort",25
"Resort / Lodging for Women",1
"Resort / Motel",1
"Resort and Bar",3
"Resort and Campground",1
"Resort/Campsite",1
"Resort/Dsico",1
"Resort/Hotel",2
"Resort/Hotel ",1
"Resort/Motel",1
"Resort/Rental Cottages",3
"Resort/Rental Cottages ",1
"Resorts",22
"Resorts / Guest Houses",1
"Resorts/Hotels/Guest Houses",5
"Resources and References",4
"Restaurant",8813
"Restaurant,Bars/Clubs",1009
"Restaurant,Bars/Clubs,Bathhouses",2
"Restaurant,Bars/Clubs,Business",1
"Restaurant,Bars/Clubs,Cruising Areas",41
"Restaurant,Bars/Clubs,Hotel",32
"Restaurant,Bars/Clubs,Theatre",3
"Restaurant,Baths,Bars/Clubs",1
"Restaurant,Book Store",12
"Restaurant,Book Store,Business",1
"Restaurant,Business",7
"Restaurant,Business,Bars/Clubs",1
"Restaurant,Community Center/Support Group",1
"Restaurant,Cruising Areas",128
"Restaurant,Cruising Areas,Bars/Clubs",3
"Restaurant,Cruising Areas,Erotic Shop",1
"Restaurant,Hotel",170
"Restaurant,Hotel,Bars/Clubs",24
"Restaurant,Hotel,Bars/Clubs,Cruising Areas",2
"Restaurant,Hotel,Cruising Areas",2
"Restaurant,Hotel,Gym",1
"Restaurant,Hotel,Travel Agency",1
"Restaurant,Hotel,Travel Service",2
"Restaurant,Hotel,Travel Service,Bars/Clubs",1
"Restaurant,Hotels",4
"Restaurant,Theatre",6
"Restaurant,Theatre,Bars/Clubs",1
"Restaurant/Bar",12
"Restaurant/Coffeehouse",1
"Restaurant/bar",1
"Restaurants",6749
"Restaurants & Cafes",4316
"Restaurants & Cafes,Bars/Clubs",1
"Restaurants & Cafes,Book Stores or Retail Shops",2
"Restaurants & Cafes,Bookstores/Retail Shops",1
"Restaurants & Cafes,Cruising Areas",3
"Restaurants & Cafes,Erotica",1
"Restaurants and Cafes",9
"Restaurants and Feminist Bookstore",1
"Restaurants/Supper Clubs",2
"Retail Shops",1256
"Retail Shops,Cruisy Areas",1
"Retreat",20
"Retreat / Vacation House",1
"Roller Disco",1
"Room Mate Service",6
"Room-mate Service",1
"Rooming House",3
"Roommate Matching Services",2
"Roommate Service",8
"Rural Communities",3
"Rural Community",1
"Sail Boat Charters",1
"Sailing",1
"Salon Tea",2
"Sauna",2
"Sauna/Gym",1
"Savings Bank",1
"Sea Charters",2
"Sea Cruise",1
"Secretarial Typing Services",3
"Self Defense",5
"Self-Defense",1
"Self-Defense School",2
"Sensuality Store",1
"Service",92
"Services",267
"Services Center",1
"Sex Clubs",25
"Sex Shops",2
"Sexual Awareness Center & Boutique",1
"Sexual Boutique",9
"Sexuality Boutique",5
"Sexuality Boutiques",4
"Shop",1
"Show Bar",18
"Show Bars",2
"Show bars",5
"Show-Bar",15
"Show-Bars",49
"Show-bar",2
"Showbar",23
"Showbar/Restaurant",1
"Showbars",21
"Ski Resort",1
"Snack Bar",1
"Social Club",6
"Social Educational Group",1
"Social Event",2
"Social Group",2
"Social Groups",4
"Softball",1
"Softball Team",1
"Something Different",1
"Spa",6
"Special Events and Holidays",1
"Special Interest Groups",139
"Special Interests",3
"Specialty Bookstore",1
"Specialty Watch Co",1
"Spiritual Groups",810
"Spirituality Center",2
"Sports",4
"Stage Door",1
"State College",1
"Steam Baths",1
"Store",7
"Student Group",4
"Student Group/Counselling",1
"Student’s Grou",1
"Supper Club",1
"Supperclub",1
"Surfing Lessons",2
"Swimming Pool/Bar",2
"Switchboard",14
"Switchboard ",5
"Switchboard Services",3
"Switchboards",10
"Switchboards / Hotlines / Crises Lines",6
"T Shirts",1
"TV Show",4
"Taxi Cabs",9
"Tea Dance",2
"Tea Room",1
"Tea Room/Restaurant",2
"Tea-Room",2
"Theater",3
"Theater Group",1
"Theater and Music Events",2
"Theater/Art ",6
"Theater/Arts Center",5
"Theater/Arts Centers",2
"Theater/Restaurant",2
"Theaters",4
"Theatre",780
"Theatre,Bars/Clubs",15
"Theatre,Bars/Clubs,Cruising Areas",1
"Theatre,Baths",1
"Theatre,Book Store",25
"Theatre,Book Store,Cruising Areas",3
"Theatre,Book Store,Erotic Shop",10
"Theatre,Business",1
"Theatre,Cruising Areas",59
"Theatre,Cruising Areas,Book Store",2
"Theatre,Erotic Shop",1
"Theatre,Erotic Shop,Book Store",1
"Theatre,Erotic Shop,Cruising Areas",1
"Theatre,Restaurant",7
"Therapists",2
"Therapists-Counseling, etc.",1
"Third World Group",3
"Timeshare Development",1
"Tour Operators",4
"Tourist and Visitor Information Center",1
"Tours",1
"Travel",5
"Travel ",1
"Travel & Tour Operators",128
"Travel Agencies",27
"Travel Agencies & Clubs",2
"Travel Agencies and Clubs",4
"Travel Agency",177
"Travel Agency or Tour Operators",128
"Travel Agency or Tour Operators,Accommodations",1
"Travel Agency,Hotel",7
"Travel Agency,Hotel,Restaurant,Bars/Clubs",1
"Travel Agent",1
"Travel Agents",519
"Travel Service",191
"Travel Service,Hotel",6
"Travel Service,Publications",1
"Travel/Tour Operators",1441
"Typesetting",1
"University",3
"Unlisted",5
"Vacation & Recreation",1
"Vacation Accomodations",1
"Vacation Ranch",2
"Vacation and Recreation",1
"Vacations",3
"Veterinary Hospital",1
"Victim / Emergency Services",9
"Video / Cards, etc.",1
"Visitors Services",1
"Walking Tour",2
"Wilderness Trips",2
"Woman's Store",1
"Women Only Bed and Breakfast Guest House",2
"Women's Art Gallery ",1
"Women's Book Mail Order",1
"Women's Building",6
"Women's Center",53
"Women's Center/Feminist Bookstore",1
"Women's Centers",92
"Women's Club",2
"Women's Club/Restaurant",1
"Women's Coffee House",1
"Women's Coffeehouse",3
"Women's Community",1
"Women's Crisis Line",1
"Women's Garage",2
"Women's Guest House",4
"Women's Gym",6
"Women's Hair Salon",1
"Women's Holiday Rentals",2
"Women's Holiday and Travel Agency",1
"Women's Karate",1
"Women's Land",3
"Women's Land Trust",3
"Women's Library",1
"Women's Music",2
"Women's Radio",2
"Women's Resort",1
"Women's Restaurant/Coffeeshop",1
"Women's Ret",1
"Women's Retreat",9
"Women's Show Bar",1
"Women's Spirituality",1
"Women's Store",1
"Women's Studies",1
"Women's Studies Convention",1
"Women's Theater Space",1
"Women-Only Guest House",1
"Women’s Gym",2
"Women’s Retreat",1
"Womyn's Coffeehouse And Gallery",1
"Womyn's Hostels / Guest Houses / Retreats",5
"Womyn's Land",1
"Womyn's Spirituality / Healing Center",1
"Workshop",1
"Writer's Collective",1
"Youth Group",2
"feminist store",2
"for review",1
