"city","state"
"",""
"","AK"
"","AL"
"","AR"
"","AZ"
"","CA"
"","CO"
"","CT"
"","DE"
"","FL"
"","GA"
"","HI"
"","IA"
"","ID"
"","IL"
"","IN"
"","KS"
"","KY"
"","LA"
"","MA"
"","MD"
"","ME"
"","MI"
"","MN"
"","MS"
"","MT"
"","NC"
"","NE"
"","NH"
"","NJ"
"","NM"
"","NY"
"","OH"
"","OK"
"","OR"
"","PA"
"","PR"
"","RI"
"","SC"
"","SD"
"","TN"
"","TX"
"","VA"
"","VT"
"","WI"
"","WV"
"","WY"
"2520 Merrick Rd.","NY"
"Abbeyville","LA"
"Aberdeen","SD"
"Aberdeen","WA"
"Abilene","KS"
"Abilene","TX"
"Abingdon","MD"
"Abingdon","VA"
"Acton","MA"
"Ada","OK"
"Adamstown","PA"
"Addison","TX"
"Adirondack","NY"
"Adirondack Mtns","NY"
"Adirondack Mtns.","NY"
"Adrian","MI"
"Afton","MN"
"Agana","GU"
"Aguada","PR"
"Aguadilla","PR"
"Aguas Buenas","PR"
"Ahwahnee","CA"
"Aiea","HI"
"Aiea, Oahu","HI"
"Aiken","RI"
"Aiken","SC"
"Akron","OH"
"Alamagordo","NM"
"Alameda","CA"
"Alamogordo","NM"
"Alamosa","CO"
"Albany","CA"
"Albany","FL"
"Albany","GA"
"Albany","NY"
"Albany","OR"
"Albion","CA"
"Albion","IL"
"Albuquerque","NM"
"Albuquerquee","NM"
"Alburquerque","NM"
"Alexandra","LA"
"Alexandria","LA"
"Alexandria","VA"
"Alhambra","CA"
"Alleghanny","CA"
"Alleghany","CA"
"Allenstown","NH"
"Allenstown","PA"
"Allentown","PA"
"Alligator Point","FL"
"Allston","MA"
"Aloha","OR"
"Altadena","CA"
"Altamonte Springs","FL"
"Alto","NM"
"Alton","IL"
"Altoona","PA"
"Amador City","CA"
"Amagansett","NY"
"Amarillo","TX"
"Amelia Island","FL"
"Ames","IA"
"Amherst","MA"
"Amherst","NY"
"Amherst","OH"
"Anacortes","WA"
"Anaheim","CA"
"Anahola","HI"
"Anahola, Kauai","HI"
"Anchorage","AK"
"Anderson","IN"
"Anderson","SC"
"Andes","NY"
"Andover","MA"
"Andover","VT"
"Andrews","IN"
"Angeles Nat'l Forest","CA"
"Angeles National Forest","CA"
"Angelica","NY"
"Angels Camp","CA"
"Angleton","TX"
"Ann Arbor","MI"
"Annadale","VA"
"Annandale-On-Hudson","NY"
"Annandale-on-Hudson","NY"
"Annapolis","MD"
"Anniston","AL"
"Anoka","MN"
"Anoke","MN"
"Ansley Square","GA"
"Antioch","IL"
"Apache Junction","AZ"
"Apollo","PA"
"Apple Valley","CA"
"Appleton","WI"
"Appletown","WI"
"Aptos","CA"
"Arcadia","CA"
"Arcadia","LA"
"Arcata","CA"
"Arden","NC"
"Ardmore","PA"
"Arlington","MA"
"Arlington","TX"
"Arlington","VA"
"Arlington","VT"
"Arlington Heights","MA"
"Armarillo","TX"
"Armherst","NY"
"Arnold","CA"
"Arundel","ME"
"Asan","GU"
"Asbury Park","NJ"
"Asbury Park/Ocean Grove","NJ"
"Ascutney","VT"
"Ascutney Valley","VT"
"Ashbury Park","NJ"
"Ashbury Park/Ocean Grove","NJ"
"Ashby","MA"
"Asheville","MS"
"Asheville","NC"
"Ashfield","MA"
"Ashford-Medford-Grants Pass","OR"
"Ashland","KY"
"Ashland","OR"
"Ashland","VA"
"Ashland","WI"
"Ashland City","TN"
"Ashland Village","NH"
"Ashtabula","OH"
"Ashton","ID"
"Ashville","NC"
"Aspen","CO"
"Astoria","NY"
"Astoria","OR"
"Atascadero","CA"
"Athens","FL"
"Athens","GA"
"Athens","OH"
"Athens","TX"
"Athens","VT"
"Athol","MA"
"Athol","NY"
"Atkinson","IL"
"Atlanta","FL"
"Atlanta","GA"
"Atlantic Beach","NC"
"Atlantic City","NJ"
"Atmore","AL"
"Atoona","PA"
"Attleboro","MA"
"Atwood","MI"
"Auberry","CA"
"Aubrun","AL"
"Auburn","AL"
"Auburn","CA"
"Auburn","ME"
"Auburn","WA"
"Auburndale","FL"
"Augusta","FL"
"Augusta","GA"
"Augusta","KS"
"Augusta","ME"
"Auke Bay","AK"
"Aurora","CO"
"Aurora","IL"
"Aurora","OR"
"Austin","TX"
"Autaugaville","AL"
"Ava","MO"
"Avenel","NJ"
"Avon","CT"
"Avon","MA"
"Aztalan","WI"
"Azusa","CA"
"Babylon","NY"
"Babylon, L.I","NY"
"Babylon, L.I.","NY"
"Bagnell","MO"
"Bailey","CO"
"Bailey Island","ME"
"Baileys Harbor","WI"
"Baker City","OR"
"Bakersfield","CA"
"Bakersville","NC"
"Bal Harbour","FL"
"Balboa","CA"
"Baldwin","NY"
"Baldwin Park","CA"
"Baldwin, L.I.","NY"
"Ballard","WA"
"Baltimore","MD"
"Bangor","ME"
"Bangor","PA"
"Bar Habor","ME"
"Bar Harbor","ME"
"Barberton","OH"
"Barboursville","WV"
"Barnardsville","NC"
"Barnegat Light","NJ"
"Barre","MA"
"Barre","VT"
"Barrington","NH"
"Barstow","CA"
"Bartlesville","OK"
"Bass Lake","CA"
"Bastrop","TX"
"Bat Cave","NC"
"Batesland","SD"
"Batesville","AR"
"Batesville","MS"
"Bath","ME"
"Bath","NH"
"Bath Village","NH"
"Baton Rouge","LA"
"Battle Creek","MI"
"Bay City","MI"
"Bay Ridge","NY"
"Bay Shore","NY"
"Bayamon","PR"
"Bayamón","PR"
"Bayonne","NJ"
"Bayshore","NY"
"Bayville","NY"
"Bayville, L.I.","NY"
"Beachwood","OH"
"Beacon","NY"
"Beacon Hill","MA"
"Beaufort","NC"
"Beaumont","TX"
"Beaver Dam","WI"
"Beaver Falls","PA"
"Beavercreek","OH"
"Beaverton","OR"
"Beckenridge","CO"
"Beckley","WV"
"Bedford","MA"
"Bedford","VA"
"Belfast","ME"
"Bell Gardens","CA"
"Bellaire","MI"
"Belle Fourche","SD"
"Belleville","IL"
"Belleville","MI"
"Belleville","NJ"
"Bellevue","NE"
"Bellevue","WA"
"Bellflower","CA"
"Bellingham","WA"
"Bellmawr","NJ"
"Bellmore","NY"
"Bellmore, L.I.","NY"
"Bellows Falls","VT"
"Bellport","NY"
"Belluve","NE"
"Bellville","IL"
"Bellwood","PA"
"Belmar","NJ"
"Belmont","MA"
"Belmont","VT"
"Beloit","WI"
"Belt","MT"
"Beltsville","MD"
"Belvidere","NJ"
"Bemedji","MN"
"Bemidji","MN"
"Bend","OR"
"Benecia","CA"
"Benicia","CA"
"Bennington","VT"
"Benton","IL"
"Berea","OH"
"Berkeley","CA"
"Berkeley","WV"
"Berkeley Springs","WV"
"Berkley","CA"
"Berkley/Oakland","CA"
"Berkshires","MA"
"Berlin","NJ"
"Berlin","VT"
"Bernal Heights","CA"
"Bernalillo","NM"
"Berne","NY"
"Berwick","ME"
"Berwick","PA"
"Berwin","IL"
"Berwyn","IL"
"Bethany Beach","DE"
"Bethany Village","DE"
"Bethel","CT"
"Bethel","ME"
"Bethel Park","PA"
"Bethesda","MD"
"Bethlehem","NH"
"Bethlehem","NJ"
"Bethlehem","PA"
"Bettendorf","IA"
"Beverly Hills","CA"
"Beverly Hills","MI"
"Beverly Shores","IN"
"Bicknell","UT"
"Biddeford","ME"
"Big Bay","MI"
"Big Bear","CA"
"Big Bear Lake","CA"
"Big Horn Basis","WY"
"Big Rapids","MI"
"Big Spring","TX"
"Big Sur","CA"
"Billings","MT"
"Biloxi","MS"
"Biltmore Village","NC"
"Binghampton","NY"
"Binghamton","NY"
"Birmingham","AL"
"Birmingham","MI"
"Bisbee","AZ"
"Bishop","CA"
"Bismarck","NC"
"Bismarck","ND"
"Bismark","ND"
"Black Mountain","NC"
"Black River","NY"
"Black Rock","CT"
"Blacksburg","VA"
"Blackwood","NJ"
"Blaine","ME"
"Blaine","WA"
"Blairsville","PA"
"Bland","VA"
"Bloomingdale","NJ"
"Bloomingdale","NY"
"Bloomington","CA"
"Bloomington","IL"
"Bloomington","IN"
"Blowing Rock","NC"
"Blue Island","IL"
"Blue Mounds","WI"
"Blue Point","NY"
"Blue Rapids","KS"
"Blue River","OR"
"Bluefield","WV"
"Boca Grande","FL"
"Boca Ration","FL"
"Boca Raton","FL"
"Boerum Hill","NY"
"Bohemia","NY"
"Boise","ID"
"Bonita Springs","FL"
"Boone","IA"
"Boone","NC"
"Boonton","NJ"
"Boonville","CA"
"Boonville","MO"
"Booth Bay Harbor","ME"
"Boothbay","ME"
"Boothbay Harbor","ME"
"Boquerón","PR"
"Bordentown","NJ"
"Bossier City","LA"
"Boston","MA"
"Boston/Cambridge","MA"
"Boulder","CO"
"Boulder","MT"
"Boulder","UT"
"Bourne","MA"
"Bowden","GA"
"Bowie","MD"
"Bowling Green","KY"
"Bowling Green","OH"
"Bowman","SC"
"Boyers","PA"
"Boyle Heights","CA"
"Boynton Beach","FL"
"Bozeman","MT"
"Bradenton","FL"
"Bradenton Beach","FL"
"Bradford","OH"
"Bradford","PA"
"Bradley","CA"
"Brainerd","MN"
"Brandon","FL"
"Brandon","VT"
"Branford","CT"
"Branson","MO"
"Brattleboro","VT"
"Brattlebro","VT"
"Brattlesboro","VT"
"Brawley","CA"
"Brazil","IN"
"Brea","CA"
"Breckenridge","CO"
"Bremerton","WA"
"Brentwood","CA"
"Brentwood","NY"
"Brewer","ME"
"Brewster","MA"
"Brewster","NY"
"Briarwood","NY"
"Brick Town","NJ"
"Bricktown","NJ"
"Bridgehampton","NY"
"Bridgeport","CT"
"Bridgeport","PA"
"Bridgeton","MO"
"Bridgeville","PA"
"Bridgewater","NH"
"Bridgewater Corners","VT"
"Brigham City","UT"
"Brinnon","WA"
"Bristol","CT"
"Bristol","PA"
"Bristol","RI"
"Bristol","TN"
"Bristol","VA"
"Brockton","MA"
"Bronx","NY"
"Brookfield","CT"
"Brookhaven","MS"
"Brookings","SD"
"Brookline","MA"
"Brookline","PA"
"Brooklyn","IL"
"Brooklyn","MI"
"Brooklyn","NY"
"Brooklyn Heights","NY"
"Brookylyn","NY"
"Broome County","NY"
"Broward County","FL"
"Brownsville","TX"
"Brunswick","ME"
"Brunswick","OH"
"Bryan","TX"
"Bryan - College Station","TX"
"Bryte","CA"
"Buckhead","GA"
"Buckley","IL"
"Bucyrus","OH"
"Buena Park","CA"
"Buena Vista","CO"
"Buffalo","NY"
"Bullhead City","AZ"
"Burbank","CA"
"Burlingame","CA"
"Burlington","IA"
"Burlington","VT"
"Burns","OR"
"Burtonsville","MD"
"Butler","GA"
"Butler","NJ"
"Butler","PA"
"Butte","MT"
"Byfield","MA"
"Cabo Rojo","PR"
"Caguas","PR"
"Calais","ME"
"Caldwell","ID"
"Caldwell","TX"
"Calexico","CA"
"Caliente","CA"
"Calistoga","CA"
"Calumet City","IL"
"Calvert","TX"
"Cambria","CA"
"Cambridge","MA"
"Camden","ME"
"Camden","NJ"
"Camden","SC"
"Campbell","CA"
"Campbellsville","KY"
"Canaseraga","NY"
"Candler","NC"
"Canoga Park","CA"
"Canon","GA"
"Canton","MI"
"Canton","NY"
"Canton","OH"
"Canton","TX"
"Canutillo","TX"
"Canyon","TX"
"Cape Canaveral","FL"
"Cape Charles","VA"
"Cape Cod","MA"
"Cape Cod Area","MA"
"Cape Coral","FL"
"Cape Elizabeth","ME"
"Cape Girardeau","MO"
"Cape May","NJ"
"Capistrano Beach","CA"
"Capital District","NY"
"Capitol Reef","UT"
"Captain Cook","HI"
"Captain Cook, Hawaii","HI"
"Carbondale","IL"
"Carbondale","PA"
"Carbondle","IL"
"Caribou","ME"
"Carle Place","NY"
"Carlsbad","NM"
"Carmel","CA"
"Carmichael","CA"
"Carrier Circle","NY"
"Carrollton","GA"
"Carson City","NV"
"Carthegena","OH"
"Carthegna","OH"
"Carversville","PA"
"Casa Grande","AZ"
"Cascade","ID"
"Cashiers","NC"
"Casper","WY"
"Casselberry","FL"
"Castle Danger","MN"
"Castro Village","CA"
"Castro Village- S.F.","CA"
"Castroville","CA"
"Cathedral City","CA"
"Catonsville","MD"
"Catskill Mtns","NY"
"Catskill Mtns.","NY"
"Catskills","NY"
"Cave City","KY"
"Cave Creek","AZ"
"Cayce","SC"
"Cazadero","CA"
"Cedar Crest","NM"
"Cedar Falls","IA"
"Cedar Rapids","IA"
"Center Harbor","NH"
"Center Moriches","NY"
"Central Fall","RI"
"Central Falls","RI"
"Central Islip","NY"
"Centralia","IL"
"Centralia","WA"
"Centre Harbor","NH"
"Centreville","IL"
"Century City","CA"
"Ceour d'Alene","ID"
"Chambersburg","PA"
"Champaign","IL"
"Champaign / Urbana","IL"
"Champaign/Urbana","IL"
"Chapel Hill","NC"
"Chapman","NC"
"Charlemont","MA"
"Charleston","SC"
"Charleston","WV"
"Charlestown","NH"
"Charlestown","RI"
"Charlestown","SC"
"Charlestown","WV"
"Charlestown (WV)","WV"
"Charlestown Village","PA"
"Charlotte","NC"
"Charlotte Amalie","VI"
"Charlotte Amalie, St. Thomas","VI"
"Charlottesville","NC"
"Charlottesville","VA"
"Charlottsville","VA"
"Charlottte Amalie","VI"
"Chatanooga","TN"
"Chattanooga","TN"
"Chauncey","OH"
"Chautauqua County","NY"
"Chelan","WA"
"Chelsea","MA"
"Chelsea","NY"
"Cherokee","IA"
"Cherry Grove","NY"
"Cherry Hill","MA"
"Cherry Hill","NJ"
"Cherry Valley","MA"
"Cherry Valley","NY"
"Chester","OH"
"Chester","PA"
"Chester","VT"
"Chesterfield","VA"
"Chesterfield","VT"
"Chesterson","IN"
"Chesterton","IN"
"Cheyenne","WY"
"Chicago","IL"
"Chicago Heights","IL"
"Chicago- Near North Side","IL"
"Chicago- New Town","IL"
"Chicago-North Side","IL"
"Chicago-South Side","IL"
"Chicago–Near North","IL"
"Chicago–New Town","IL"
"Chicago–North Side","IL"
"Chicago–South Side","IL"
"Chico","CA"
"Chicopee","MA"
"Chillicothe","OH"
"Chimayo","NM"
"Chipita Park","CO"
"Chittango","NY"
"Chittenango","NY"
"Chocorua","NH"
"Christensted","VI"
"Christiansburg","VA"
"Christiansted","VI"
"Christiansted, St Croix","VI"
"Christiansted, St. Croix","VI"
"Chugiak","AK"
"Chula Vista","CA"
"Cicero","IL"
"Cincinatti","OH"
"Cincinnati","OH"
"Ciudad Juarez","Mexico"
"Ciudad Juarez","TX"
"Clam Gulch","AK"
"Clare","MI"
"Claremont","CA"
"Claremore","OK"
"Clarence Center","NY"
"Clarksburg","VA"
"Clarksburg","WV"
"Clarksburg (WV)","WV"
"Clarksville","IN"
"Clarksville","TN"
"Claymont","DE"
"Clayton","MO"
"Cle Elum","WA"
"Clear Lake","CA"
"Clear Lake Oaks","CA"
"Clearlake","CA"
"Clearlake Oaks","CA"
"Clearwater","FL"
"Cleveland","OH"
"Cleveland","TN"
"Cleveland Heights","OH"
"Cleveland Hts","OH"
"Cliffside Park","NJ"
"Clifton","NJ"
"Clifton","OH"
"Clifton Forge","VA"
"Clifton Park","NY"
"Clinton","IA"
"Clinton","MI"
"Clinton","WI"
"Clinton Township","MI"
"Clio","MI"
"Cloudcroft","NM"
"Cloverdale","CA"
"Clovis","CA"
"Clovis","NM"
"Clyde","OH"
"Coamo","PR"
"Coca","FL"
"Cockeysville","MD"
"Cocoa","FL"
"Cocoa Beach","FL"
"Coconut Grove","FL"
"Coconut Plantation, Kauai","HI"
"Coeur D'Alene","ID"
"Coeur D'alene","ID"
"Coeur d'Alene","ID"
"Coffeyville","KS"
"Cold Spring","NY"
"Coldwater","MI"
"Colebrook","NH"
"College Park","FL"
"College Park","GA"
"College Park","MD"
"College Station","TX"
"Collegeville","PA"
"Collingswood","NJ"
"Collingwood","NJ"
"Collinsville","CT"
"Coloma","MI"
"Colonial Beach","VA"
"Colony","KS"
"Colorado Springs","CO"
"Colrain","MA"
"Colrain","ME"
"Columbia","CA"
"Columbia","MD"
"Columbia","MO"
"Columbia","NC"
"Columbia","OH"
"Columbia","RI"
"Columbia","SC"
"Columbia City","IN"
"Columbia Hills","NH"
"Columbus","FL"
"Columbus","GA"
"Columbus","IN"
"Columbus","MS"
"Columbus","NE"
"Columbus","OH"
"Columbus","TX"
"Commack","NY"
"Compton","CA"
"Concord","CA"
"Concord","NH"
"Condado","PR"
"Coney Island","NY"
"Congers","NY"
"Conneaut","OH"
"Conneaut Lake","PA"
"Conroe","TX"
"Conshohoken","PA"
"Contocook","NH"
"Contoocook","NH"
"Contookook","NH"
"Convent Station","NJ"
"Conway","AR"
"Conway","NH"
"Coopersburg","PA"
"Cooperstoown","PA"
"Cooperstown","NY"
"Cooperstown","PA"
"Coos Bay","OR"
"Coos Bay--North Bend","OR"
"Coos Bay-North Bend","OR"
"Copaigue","NY"
"Copiague","NY"
"Copiaque","NY"
"Coral Gables","FL"
"Coralville","IA"
"Corea","ME"
"Corea Harbor","ME"
"Corning","NY"
"Cornwell Heights","PA"
"Cornwells Heights","PA"
"Corona","CA"
"Corona Del Mar","CA"
"Corozal","PR"
"Corpus Christi","TX"
"Corpus Christie","TX"
"Corrales","NM"
"Corte Madera","CA"
"Cortland","NY"
"Corvallis","OR"
"Corwin Springs","MT"
"Coshocton","OH"
"Costa Mesa","CA"
"Cotati","CA"
"Cottondale","FL"
"Cottonwood","AZ"
"Counce","TN"
"Council Bluffs","IA"
"Covelo","CA"
"Covent Station","NJ"
"Covina","CA"
"Covington","KY"
"Cowan","TN"
"Cranston","RI"
"Craryville","NY"
"Crescent City","CA"
"Crescent City","FL"
"Cresson","OR"
"Cresson","PA"
"Crest","MS"
"Crested Butte","CO"
"Crestview","FL"
"Crestwood","IL"
"Crofton Falls","NY"
"Crosses","AR"
"Crossett","AR"
"Croton Falls","NY"
"Croton-on-Hudson","NY"
"Crown Point","IN"
"Cruz Bay, St. John","VI"
"Cuba","NY"
"Cuidad Juarez, Mexico","TX"
"Culber City","CA"
"Culpeper","VA"
"Culpepper","VA"
"Culver City","CA"
"Cumberland","MD"
"Cupertino","CA"
"Cuttyhunk Island","MA"
"Dade City","FL"
"Dade County","FL"
"Dahlonega","GA"
"Dalhart","TX"
"Dallas","TX"
"Dalton","GA"
"Daly CIty","CA"
"Dana Point","CA"
"Danbury","CT"
"Dandridge","TN"
"Dania","FL"
"Dania Beach","FL"
"Danville","IL"
"Danville","PA"
"Danville","VA"
"Darien","CT"
"Dartmouth","MA"
"Davenport","FL"
"Davenport","IA"
"Davis","CA"
"Days Creek","OR"
"Dayton","OH"
"Daytona","FL"
"Daytona Beach","FL"
"De Kalb","IL"
"Decanso","CA"
"Decatur","AL"
"Decatur","GA"
"Decatur","IL"
"Decorah","IA"
"Dedham","MA"
"Deep Park","NY"
"Deer Isle","ME"
"Deer Park","NY"
"Deer Park, L.I.","NY"
"Dekalb","IL"
"Del Valle","TX"
"Deland","FL"
"Delavan","WI"
"Delray Beach","FL"
"Deltona","FL"
"Deming","NM"
"Deming","WA"
"Denison","TX"
"Dennis","MA"
"Denton","TX"
"Denver","CO"
"Denville","NJ"
"Deptford","NJ"
"Derby","VT"
"Derry","NH"
"Des Moines","IA"
"Des Plaines","IL"
"Des Plains","IL"
"Descanso","CA"
"Desert Hot Springs","CA"
"Destin","FL"
"Detriot Lakes","MN"
"Detroit","MI"
"Detroit Lakes","MN"
"Dewey Beach","DE"
"Dewy Rose","GA"
"Dexter","ME"
"Dickenson","ND"
"Dillon","CO"
"Dillon","SC"
"Dixmore","IL"
"Dodge City","KS"
"Dodson","LA"
"Donna","TX"
"Dorchester","MA"
"Dorrington","CA"
"Dorset","MN"
"Dorset","VT"
"Dotham","AL"
"Dothan","AL"
"Douglas","AK"
"Douglas","AZ"
"Douglas","MI"
"Douglas","WY"
"Dover","DE"
"Dover","NH"
"Dover","NJ"
"Dowelltown","TN"
"Doweltown","TN"
"Downers Grove","IL"
"Downingtown","PA"
"Downs","KS"
"Doyalstown","PA"
"Doyleston","PA"
"Doylestown","PA"
"Driggs","ID"
"Du Quoin","IL"
"Duarte","CA"
"Dublin","OH"
"Dubuque","IA"
"Duck","NC"
"Duluth","MN"
"Dummerston","VT"
"Dumont","NJ"
"Duncan Mills","CA"
"Duncans Mills","CA"
"Duncansville","OR"
"Duncansville","PA"
"Dunedin","FL"
"Dunepin","FL"
"Dunkirk","NY"
"Durango","CO"
"Durham","CA"
"Durham","ME"
"Durham","NC"
"Durham","NH"
"Duryea","PA"
"Dutch Flat","CA"
"Duxbury","MA"
"E. Hartford","CT"
"E. Lansing","MI"
"E. Meadow","NY"
"E. Northport","NY"
"Eagle River","AK"
"Eagle River","WI"
"Eagle Rock","CA"
"Eaglewood Cliffs","NJ"
"East Alamosa","CO"
"East Barnet","VT"
"East Bay","CA"
"East Brunswick","NJ"
"East Drummerston","VT"
"East Dummerston","VT"
"East Greenwich","RI"
"East Hampton","NY"
"East Hardwick","VT"
"East Hartford","CT"
"East Haven","CT"
"East Hollywood","CA"
"East Islip","NY"
"East Lancing","MI"
"East Lansing","MI"
"East Meadow","NY"
"East Middlebury","VT"
"East Orange","NJ"
"East Patterson","NJ"
"East Providence","RI"
"East Rutherford","NJ"
"East St Louis","IL"
"East St. Louis","IL"
"East Stroudsberg","PA"
"East Stroudsburg","PA"
"East Village","NY"
"East Windham","NY"
"East Windsor","CT"
"East Worcester","NY"
"Easthampton","MA"
"Easthampton","NY"
"Easton","PA"
"Eastport","MD"
"Eatontown","NJ"
"Eau Claire","WI"
"Echo Park","CA"
"Edgartown","MA"
"Edgemont","PA"
"Edgewater","MD"
"Edgewood","MD"
"Edina","MN"
"Edinboro","PA"
"Edison","NJ"
"Edmond","OK"
"Edmonds","WA"
"Edmonton","KY"
"Edwardsville","PA"
"Effingham","IL"
"Egg Harbor City","NJ"
"El Cajon","CA"
"El Centro","CA"
"El Dorado","AR"
"El Monte","CA"
"El Paso","TX"
"El Prado","NM"
"El Reno","OK"
"El Segundo","CA"
"El Sobrante","CA"
"Elgin","IL"
"Eliot","ME"
"Elizabeth","NJ"
"Elizabeth","PA"
"Elizabethtown","KY"
"Elizabethtown","NC"
"Elizabethtown","NY"
"Elk Grove","IL"
"Elk Grove Village","IL"
"Elkhart","IN"
"Elkin","WV"
"Elkins","WV"
"Elko","NV"
"Ellensburg","WA"
"Ellicott City","MD"
"Ellington","CT"
"Ellsworth","ME"
"Ellsworth","MI"
"Elmhurst","NY"
"Elmira","NY"
"Elmont","NY"
"Elmwood Park","NJ"
"Ely","MN"
"Elyria","OH"
"Emeryville","CA"
"Emigrant","MT"
"Emlenton","PA"
"Emmaus","PA"
"Emporia","KS"
"Encinitas","CA"
"Encino","CA"
"Endicott","NY"
"Enfield","CT"
"Engelwood","NJ"
"Englewood","NJ"
"Englewood Cliffs","NJ"
"Enid","OK"
"Enterprise","MS"
"Ephrata","PA"
"Erie","OH"
"Erie","OR"
"Erie","PA"
"Escalante","UT"
"Escanaba","MI"
"Escondido","CA"
"Esopus","NY"
"Essex Junction","VT"
"Essex Juntion","VT"
"Estacada","OR"
"Estes Park","CO"
"Etna","WY"
"Eugene","OR"
"Eujasco","PR"
"Eureka","CA"
"Eureka Springs","AK"
"Eureka Springs","AR"
"Evanston","IL"
"Evanstown","IL"
"Evansville","IL"
"Evansville","IN"
"Evansville","WY"
"Everett","WA"
"Exeter","NH"
"Exeter","PA"
"FT. Huachuca","AZ"
"Fabens","TX"
"Fairbanks","AK"
"Fairfax","CA"
"Fairfax","VA"
"Fairfield","CA"
"Fairfield","CT"
"Fairfield","IA"
"Fairhaven","MA"
"Fairhaven","WA"
"Fairview","NC"
"Fairview","NJ"
"Fairview Park","OH"
"Fajardo","PR"
"Fall River","MA"
"Falls Church","VA"
"Falls River","MA"
"Falls Village","CT"
"Falmouth","MA"
"Fanwood","NJ"
"Fargo","NC"
"Fargo","ND"
"Farmersbury","IN"
"Farmingdale","NY"
"Farmington","CT"
"Farmington","ME"
"Farmington","NM"
"Farmingville","NY"
"Fayatteville","AR"
"Fayetteville","AK"
"Fayetteville","AL"
"Fayetteville","AR"
"Fayetteville","NC"
"Fayetteville","SC"
"Fells Point","MD"
"Fennville","MI"
"Fernandina Beach","FL"
"Ferndale","CA"
"Ferndale","MI"
"Fernnville","MI"
"Ferrisburg","VT"
"Findlay","OH"
"Fire Island","NY"
"Fire Island, L.I.","NY"
"Fish Camp","CA"
"Fishers","IN"
"Fishkill","NY"
"Fitchburg","MA"
"Fitzwilliam","NH"
"Flagstaff","AZ"
"Fleischmanns","NY"
"Flint","MI"
"Floral Park","NY"
"Floral Park, L.I.","NY"
"Florence","AL"
"Florence","KY"
"Florence","MA"
"Florence","MS"
"Florence","NJ"
"Florence","RI"
"Florence","SC"
"Flushing","NY"
"Folly Beach","SC"
"Folsom","CA"
"Folsom","LA"
"Folsom- S.F.","CA"
"Fond Du Lac","WI"
"Fond-Du-Lac","WI"
"Fontana","CA"
"Ford","KS"
"Forest","MS"
"Forest Grove","OR"
"Forest Hill","NY"
"Forest Hills","NY"
"Forest Lake","MN"
"Forest Park","IL"
"Forestville","CA"
"Forked River","NJ"
"Forrest Hill","NY"
"Fort Atkinson","WI"
"Fort Bragg","CA"
"Fort Campbell","KY"
"Fort Collins","CO"
"Fort Collins","WY"
"Fort Dodge","IA"
"Fort Knox","KY"
"Fort Lauderdale","FL"
"Fort Lauderdale Beach","FL"
"Fort Lee","NJ"
"Fort Mill","SC"
"Fort Mohave","AZ"
"Fort Myers","FL"
"Fort Myers Beach","FL"
"Fort Scott","KS"
"Fort Scott-Pleasanton","KS"
"Fort Smith","AK"
"Fort Smith","AR"
"Fort Walton Beach","FL"
"Fort Wayne","IN"
"Fort Worth","TX"
"Forth Worth","TX"
"Fountain City","IN"
"Fountain Hills","AZ"
"Fox Lake","IL"
"Fox Valley","WI"
"Franconia","NH"
"Frankfort","IL"
"Franklin","NC"
"Franklin","NH"
"Franklin Park","IL"
"Frederick","MD"
"Fredericksburg","TX"
"Fredericksburg","VA"
"Fredericksted","VI"
"Frederiksted","VI"
"Frederiksted, St Croix","VI"
"Frederiksted, St. Croix","VI"
"Freedom","WY"
"Freehold","NJ"
"Freeport","IL"
"Freeport","MD"
"Freeport","ME"
"Fremont","CA"
"Fremont","OH"
"Fresno","CA"
"Frostburg","MD"
"Fruitland","ID"
"Ft Worth","TX"
"Ft. Belvoir","VA"
"Ft. Dodge","IA"
"Ft. Huachuca","AZ"
"Ft. Lauderdale","FL"
"Ft. Lauderdale Beach","FL"
"Ft. Launderdale","FL"
"Ft. Lee","NJ"
"Ft. McCoy","FL"
"Ft. Myers","FL"
"Ft. Pierce","FL"
"Ft. Smith","AK"
"Ft. Smith","AR"
"Ft. Walton Beach","FL"
"Ft. Wayne","IN"
"Ft. Worth","TX"
"Full City","MN"
"Fullerton","CA"
"Gadsden","AL"
"Gadsen","AL"
"Gaffney","SC"
"Gahanna","OH"
"Gainesville","FL"
"Gainesville","GA"
"Gainesville","TX"
"Gainseville","FL"
"Gainsville","FL"
"Gainsville","TX"
"Gaithersburg","MD"
"Gaitlinburg","TN"
"Galesburg","IL"
"Galeton","PA"
"Galisteo","NM"
"Galloway","WV"
"Gallup","NM"
"Galveston","TX"
"Garberville","CA"
"Garden City","ID"
"Garden Grove","CA"
"Gardena","CA"
"Gardiner","MT"
"Garrison","NY"
"Garwood","NJ"
"Gary","IN"
"Gas City","IN"
"Gasden","AL"
"Gastonia","NC"
"Gatlinburg","TN"
"Gatlingburg","TN"
"Gaviota State Beach","CA"
"Gaylord","MI"
"Genesee Valley","NY"
"Geneseo","NY"
"Genessee","NY"
"Geneva","AL"
"Geneva","NY"
"Geneva Lake","WI"
"Geneva Lakes","WI"
"Geneva on the Lake","OH"
"Georgetown","DC"
"Gering","NE"
"Germantown","OR"
"Gettysburg","PA"
"Geyserville","CA"
"Ghent","NY"
"Gibson","PA"
"Gillette","WY"
"Glacier","WA"
"Gladstone","OR"
"Glassboro","NJ"
"Glasser","NJ"
"Glastonbury","CT"
"Glen","NH"
"Glen Allen","VA"
"Glen Cove","NY"
"Glen Ellen","CA"
"Glen Falls","NY"
"Glen Oaks","NY"
"Glen Rose","TX"
"Glenbrook","CT"
"Glendale","AZ"
"Glendale","CA"
"Glendora","CA"
"Glenford","NY"
"Glenford","OH"
"Glenhaven","CA"
"Glenn","MI"
"Glenrose","TX"
"Glens Falls","NY"
"Glenview","IL"
"Gloucester","MA"
"Glouchester","MA"
"Golden","CO"
"Golden Valley","AZ"
"Goldsboro","NC"
"Goose Creek","SC"
"Gordo","AL"
"Goshen","MA"
"Granbury","TX"
"Grand Forks","NC"
"Grand Forks","ND"
"Grand Haven","MI"
"Grand Island","NE"
"Grand Junction","CO"
"Grand Lake","CO"
"Grand Marais","MN"
"Grand Portage","MN"
"Grand Rapids","MI"
"Grand haven","MI"
"Grandisland","NE"
"Grandview","OH"
"Grandview Pike","WV"
"Granite City","IL"
"Grant's Pass","OR"
"Grants Pass","OR"
"Grapevine Lake","TX"
"Grass Valley","CA"
"Gray","TN"
"Great Barrington","MA"
"Great Bend","KS"
"Great Falls","MT"
"Greeley","CO"
"Green Bay","WI"
"Green Mountain Falls","CO"
"GreenField","MA"
"Greenbay","WI"
"Greenbelt","MD"
"Greenburg","PA"
"Greencastle","PA"
"Greeneville","TN"
"Greenfield","MA"
"Greenland","NH"
"Greensboro","NC"
"Greensburg","PA"
"Greenville","DE"
"Greenville","MS"
"Greenville","NC"
"Greenville","RI"
"Greenville","SC"
"Greenville","TN"
"Greenwhich","CT"
"Greenwich","CT"
"Greenwich Village","NY"
"Greenwich Village & Chelsea","NY"
"Greenwich Village/ Chelsea","NY"
"Greenwood","SC"
"Greenwood Lake","NY"
"Grenta","LA"
"Gretna","LA"
"Grinnell","IA"
"Groesbeck","TX"
"Groton","CT"
"Grover City","CA"
"Gualala","CA"
"Guerneville","CA"
"Guernewood Park","CA"
"Guerneyville","CA"
"Gulfport","FL"
"Gulfport","MS"
"Gun Barrel City","TX"
"Guttenberg","NJ"
"Hackensack","NJ"
"Hackettstown","NJ"
"Hadley","MA"
"Haena, Kauai","HI"
"Hagerstown","MD"
"Haight, Filmore & West- S.F.","CA"
"Haiku","HI"
"Haiku, Maui","HI"
"Hales Corners","WI"
"Haley","TN"
"Half Moon Bay","CA"
"Hallandale","FL"
"Hallendale","FL"
"Hallowell","ME"
"Hamakua Coast","HI"
"Hamburg","PA"
"Hamden","CT"
"Hamilton","KS"
"Hamilton","OH"
"Hammonasset","CT"
"Hammond","IN"
"Hammond","LA"
"Hampton","NH"
"Hampton","VA"
"Hana","HI"
"Hana, Maui","HI"
"Hanalei","HI"
"Hanalei, Kauai","HI"
"Hancock","ME"
"Hanover","NH"
"Harford","PA"
"Harker Heights","TX"
"Harlingen","TX"
"Harmonie Park","MI"
"Harned","KY"
"Harper","KS"
"Harpers Ferry","WV"
"Harrisburg","PA"
"Harrisonburg","VA"
"Harrodsburg","KY"
"Hart's Location","NH"
"Hartford","CT"
"Hartland Four Corners","VT"
"Harvey","LA"
"Harwich","MA"
"Haslett","MI"
"Hastings","MN"
"Hastings","NE"
"Hathaway Pines/Murphy's","CA"
"Hato Ray","PR"
"Hato Rey","PR"
"Hattiesburg","MS"
"Hauppauge","NY"
"Hauppauge, L.I.","NY"
"Haverhill","MA"
"Havertown","PA"
"Havherill","MA"
"Havre de Grace","MD"
"Hawaii","HI"
"Hawi, Hawaii","HI"
"Hawthorne","CA"
"Hawthrone","CA"
"Hayden Lake","ID"
"Hays","KS"
"Hayward","CA"
"Hayward","WI"
"Hazard","KY"
"Hazel Green","WI"
"Hazel Park","MI"
"Hazelhurst","WI"
"Hazelton","PA"
"Hazlet","NJ"
"Hazleton","PA"
"Healdsburg","CA"
"Heath","OH"
"Heflin","AL"
"Hegins","PA"
"Helena","AK"
"Helena","AR"
"Helena","MT"
"Hemet","CA"
"Hempstead","NY"
"Henderson","KY"
"Henderson","NV"
"Hendersonville","NC"
"Henrietta","TX"
"Hermiston","OR"
"Hermon","NY"
"Hermosa Beach","CA"
"Hernando","MS"
"Herndon","CA"
"Hertford","NC"
"Hewitt","TX"
"Hialeah","FL"
"Hiawassee","GA"
"Hickory","NC"
"Hicksville","NY"
"Higgins Lake","MI"
"High Falls","NY"
"High Point","NC"
"Highland","CA"
"Highland","NY"
"Highland Park","CA"
"Highland Park","MI"
"Highland Park","NJ"
"Highland Park","NY"
"Highlands","NJ"
"Highlands Park","NJ"
"Hilaleah","FL"
"Hill City","MN"
"Hill City","SD"
"Hillcrest","CA"
"Hillsboro","OH"
"Hillsboro","TX"
"Hillsborough","CA"
"Hillsborough","NH"
"Hilo","HI"
"Hilo, Hawaii","HI"
"Hilton Head","GA"
"Hilton Head","RI"
"Hilton Head","SC"
"Hinckley","MN"
"Hindale","IL"
"Hinesburg","VT"
"Hinsdale","IL"
"Hobbs","NM"
"Hoboken","NJ"
"Hodges","SC"
"Hoffman Estates","IL"
"Holbrook","NY"
"Holden","NC"
"Holiday","FL"
"Holland","MI"
"Hollis","NY"
"Holly Hill","FL"
"Holly Springs","MS"
"Hollywood","CA"
"Hollywood","FL"
"Hollywood & North Hollywood","CA"
"Hollywood Station","CA"
"Hollywood West","CA"
"Holyoke","MA"
"Home Valley","WA"
"Homer","AK"
"Homestead","FL"
"Homestead","PA"
"Honaunau-Kona","HI"
"Honokaa","HI"
"Honokaa, Hawaii","HI"
"Honolulu","HI"
"Honolulu, Oahu","HI"
"Honomu","HI"
"Honor","MI"
"Hopatcong","NJ"
"Hopland/Talmadge","CA"
"Hoquiam","WA"
"Hormigueros","PR"
"Hostetter","PA"
"Hot Springs","AK"
"Hot Springs","AR"
"Hot Springs","NC"
"Hot Springs","SD"
"Hotchkiss","CO"
"Houghton","MI"
"Houghton Lake","MI"
"Houma","LA"
"Houston","TX"
"Howell","MI"
"Howell","NJ"
"Huachuca","AZ"
"Hudson","NY"
"Hudson Valley","NY"
"Huelo","HI"
"Huelo, Maui","HI"
"Hugo","OK"
"Humble","TX"
"Humboldt","KS"
"Hummelstown","PA"
"Huntington","NY"
"Huntington","WV"
"Huntington (WV)","WV"
"Huntington Beach","CA"
"Huntington Park","CA"
"Huntington Sation","NY"
"Huntington Station","NY"
"Huntington, L.I.","NY"
"Huntsville","AL"
"Huntsville","AR"
"Huntsville","MO"
"Hurley","WI"
"Hutchinson","KS"
"Hyannis","MA"
"Hyattsville","MD"
"Hyde Park","IL"
"Hyde Park","VT"
"Idaho Falls","CO"
"Idaho Falls","ID"
"Idaho Springs","CO"
"Idyllwild","CA"
"Idylwild","CA"
"Imperial","MO"
"Imperial","NE"
"Imperial Beach","CA"
"Ina","IL"
"Independence","KS"
"Independence","MO"
"Index","WA"
"Indiana","PA"
"Indianapolis","IN"
"Indio","CA"
"Inglewood","CA"
"Inkster","MI"
"Inman","NC"
"Inman","SC"
"Interlochen","MI"
"Intervale","NH"
"Inverness","FL"
"Iowa City","IA"
"Ipswich","MA"
"Ironbound","NJ"
"Ironwood","MI"
"Irvine","CA"
"Irving","TX"
"Irvington","NJ"
"Isabela","PR"
"Isla Verde","PR"
"Isla Vista","CA"
"Island Park","NY"
"Islip","NY"
"Issaquah","WA"
"Ithaca","NY"
"Jackson","AL"
"Jackson","MI"
"Jackson","MS"
"Jackson","NH"
"Jackson","TN"
"Jackson","WI"
"Jackson","WY"
"Jackson Heights","NY"
"Jackson Hole","WY"
"Jacksonville","AL"
"Jacksonville","FL"
"Jacksonville","IL"
"Jacksonville","NC"
"Jacksonville Beach","FL"
"Jamaica","NY"
"Jamaica Plain","MA"
"Jamestown","KY"
"Jamestown","NY"
"Jamestown","TN"
"Janesville","WI"
"Jasper","FL"
"Jefferson","IA"
"Jefferson","IN"
"Jefferson City","MO"
"Jefferson Township","NJ"
"Jeffersonville","IN"
"Jerome","AZ"
"Jersey City","NJ"
"Jessup","MD"
"Joelton","TN"
"Johns Island","SC"
"Johnson City","NY"
"Johnson City","TN"
"Johnston","RI"
"Johnstown","PA"
"Joilet","IL"
"Joliet","IL"
"Jonesboro","AR"
"Jonesboro","IL"
"Jonesborough","TN"
"Joplin","MO"
"Joshua Tree","CA"
"Joshua Tree Nat'l Park","CA"
"Junction City","KS"
"Juneau","AK"
"Kaanapali","HI"
"Kahana","HI"
"Kahului","HI"
"Kahului, Maui","HI"
"Kahulul","HI"
"Kailau","HI"
"Kailua","HI"
"Kailua, Oahu","HI"
"Kailua-Kona","HI"
"Kailua-Kona, Hawaii","HI"
"Kalaheo","HI"
"Kalaheo, Kauai","HI"
"Kalakapei Beach, Kauai","HI"
"Kalamazoo","MI"
"Kalapana","HI"
"Kalapana Beach","HI"
"Kalapana Beach, Hawaii","HI"
"Kalispell","MT"
"Kalua Koi, Molokai","HI"
"Kamalo","HI"
"Kamuela","HI"
"Kanab","UT"
"Kane'ohe","HI"
"Kaneohe","HI"
"Kaneohe, Hawaii","HI"
"Kaneohe, Oahu","HI"
"Kankakee","IL"
"Kannapolis","NC"
"Kansas City","KS"
"Kansas City","MO"
"Kapaa","HI"
"Kapaa, Kauai","HI"
"Kapaa-Wailua, Kauai","HI"
"Katy","TX"
"Kauai","HI"
"Kauia","HI"
"Kaunakakai","HI"
"Kaunakakai, Molokai","HI"
"Kearney","NE"
"Kearney Mesa","CA"
"Kearny Mesa","CA"
"Keene","NH"
"Kelseyville","CA"
"Kenmore","NY"
"Kennebunckport","ME"
"Kennebunk","ME"
"Kennebunkport","ME"
"Kenner","LA"
"Kennewick","WA"
"Kenosha","IL"
"Kenosha","WI"
"Kensington","CA"
"Kensington","KS"
"Kent","OH"
"Kent","WA"
"Kenvil","NJ"
"Kenwood","CA"
"Kenyon","MN"
"Kerhonkson","NY"
"Kernville","CA"
"Ketchikan","AK"
"Ketchum","ID"
"Kettering","OH"
"Kew Gardens","NY"
"Key Biscayne","FL"
"Key West","FL"
"Keystone","CO"
"Kihei","HI"
"Kihei, Maui","HI"
"Kilauea","HI"
"Kilauea, Kauai","HI"
"Kilauea-Maui","HI"
"Killeen","TX"
"Killington","VT"
"Kimberly","WI"
"Kingboro","MA"
"Kingman","AZ"
"Kingsburg","CA"
"Kingsport","TN"
"Kingston","NJ"
"Kingston","NY"
"Kingston","PA"
"Kirkland","WA"
"Kirkwood","NY"
"Kissimmee","FL"
"Kittery","ME"
"Kittery Point","ME"
"Klamath","CA"
"Klamath Fall","OR"
"Klamath Falls","OR"
"Knightstown","IN"
"Knoxville","TN"
"Kodiak","AK"
"Kodiak Island","AK"
"Kohala Coast","HI"
"Kohala Coast, Hawaii","HI"
"Kokomo","IN"
"Koloa","HI"
"Kona","HI"
"Kuhnsville","PA"
"Kula","HI"
"Kula, Maui","HI"
"Kure Beach","NC"
"Kuritstown","HI"
"Kurtistown","HI"
"Kutztown","PA"
"La Conner","WA"
"La Crosse","WI"
"La Farge","WI"
"La Grande","OR"
"La Grange","IL"
"La Jolla","CA"
"La Mesa","CA"
"La Pine","OR"
"La Porte","IN"
"La Quinta","CA"
"La Sal","UT"
"La Salle","IL"
"La Selva","CA"
"LaCrosse","WI"
"LaGrange","IL"
"Lackawanna","NY"
"Laconia","NH"
"Lafayette","AL"
"Lafayette","CA"
"Lafayette","IN"
"Lafayette","LA"
"Lafeyette","CA"
"Lagro","IN"
"Laguna Beach","CA"
"Laguna Hills","CA"
"Laguna Nigel","CA"
"Laguna Niguel","CA"
"Lahaina","HI"
"Lahaina, Maui","HI"
"Lahina, Maui","HI"
"Lajas","PR"
"Lake  Worth","FL"
"Lake Alfred","FL"
"Lake Arrowhead","CA"
"Lake Buena Vista","FL"
"Lake Charles","LA"
"Lake County","IL"
"Lake Elsinore","CA"
"Lake Geneva","WI"
"Lake George","NY"
"Lake Havasu City","AZ"
"Lake Hopatcong","NJ"
"Lake Hoptacong","NJ"
"Lake Lanier","GA"
"Lake Mead","NV"
"Lake Mills","WI"
"Lake Monroe","NY"
"Lake Oswego","OR"
"Lake Placid","NY"
"Lake Powell","AZ"
"Lake Powell","UT"
"Lake Ronkonkoma","NY"
"Lake Ronkonkoma, L.I.","NY"
"Lake Ronkonkona","NY"
"Lake Ronkonnoma","NY"
"Lake Ronkonoma","NY"
"Lake Station","IN"
"Lake Tahoe","CA"
"Lake Tahoe","NV"
"Lake Worth","FL"
"Lakeland","FL"
"Lakeport","CA"
"Lakeshore","OH"
"Lakewood","CO"
"Lakewood","NJ"
"Lakewood","OH"
"Lambertsville","PA"
"Lambertville","NJ"
"Lampasas","TX"
"Lampoc","CA"
"Lancaster","CA"
"Lancaster","MA"
"Lancaster","NH"
"Lancaster","NY"
"Lancaster","OH"
"Lancaster","PA"
"Lancing","MI"
"Landisville","NJ"
"Landisville","PA"
"Langley","WA"
"Lansdale","PA"
"Lansing","IA"
"Lansing","IL"
"Lansing","MI"
"Lantana","FL"
"Laona","WI"
"Laramie","WY"
"Laredo","TX"
"Largo","FL"
"Largo","MD"
"Larkspur","CA"
"Larksville","PA"
"Las Cruces","NM"
"Las Vegas","NE"
"Las Vegas","NV"
"Latham","NY"
"Lauderdale-by-the-Sea","FL"
"Laurel","MD"
"Lava Hot Springs","ID"
"Lawndale","CA"
"Lawrence","KS"
"Lawrence","MA"
"Lawrence","MO"
"Lawton","OK"
"Lebanon","NH"
"Lebanon","OH"
"Lebanon","PA"
"Lebanon","VT"
"Leesburg","FL"
"Lemon Grove","CA"
"Lennox","MA"
"Lenox","MA"
"Leominster","MA"
"Leonard","ND"
"Leroy","IL"
"Leroy","IN"
"Leucadia","CA"
"Levittown","PA"
"Lewes","DE"
"Lewisburg","PA"
"Lewisburg","WV"
"Lewiston","ID"
"Lewiston","ME"
"Lewsiton","ME"
"Lexington","KT"
"Lexington","KY"
"Lexington","NC"
"Lexington","NE"
"Lexington","OK"
"Liberal","KS"
"Liberty","ME"
"Liberty","MI"
"Liberty","NY"
"Liberty","TN"
"Lihue","HI"
"Lihue, Kauai","HI"
"Lihue-Kauai","HI"
"Lima","OH"
"Lincoln","MA"
"Lincoln","NE"
"Lincoln City","OR"
"Lincolnville Beach","ME"
"Lincolnwood","IL"
"Linden","NJ"
"Lindenhurst","NY"
"Line Lexington","PA"
"Linthicum","MD"
"Litchfield","CT"
"Lithia","FL"
"Little Compton","RI"
"Little Neck","NY"
"Little River","CA"
"Little Rock","AK"
"Little Rock","AR"
"Little Rock","WA"
"Little Silver","NJ"
"Littleton","NH"
"Littletown","NH"
"Liverpool","NY"
"Livingston","MT"
"Livingston","NJ"
"Livingston Manor","NY"
"Livonia","MI"
"Lockport","NY"
"Lodi","WI"
"Logan","OH"
"Logan","TX"
"Logan","UT"
"Logansport","IN"
"Loiza","PR"
"Lombard","IL"
"Lomita","CA"
"Lompoc","CA"
"Londonderry","NH"
"Long Beach","CA"
"Long Beach","NJ"
"Long Beach","NY"
"Long Beach","WA"
"Long Beach Peninsula","WA"
"Long Branch","NJ"
"Long Island","NY"
"Long Island City","NY"
"Long Island/Nassau CO.","NY"
"Long Island/Nassau Co.","NY"
"Long Island/Suffolk CO.","NY"
"Long Island/Suffolk Co.","NY"
"Long Island–Nassau County","NY"
"Long Island–Suffolk County","NY"
"Long Wharf","CT"
"Longhorn","PA"
"Longvale","CA"
"Longview","TX"
"Longview","WA"
"Lopez Island","WA"
"Lopez Island/San Juan Islands","WA"
"Lorain","OH"
"Loraine","OH"
"Lordsburg","NM"
"Los Altos","CA"
"Los Angeles","CA"
"Los Angeles","FL"
"Los Feliz","CA"
"Los Gatos","CA"
"Los Osos","CA"
"Lost River","WV"
"Louisville","CO"
"Louisville","KS"
"Louisville","KT"
"Louisville","KY"
"Lovell","ME"
"Lowell","MA"
"Lower Lake Pleasant","AZ"
"Lower Stanley","ID"
"Lubbock","TX"
"Lucerne","CA"
"Ludlow","VT"
"Luquillo","PR"
"Luquillo Beach","PR"
"Luray","KS"
"Luray","VA"
"Lynchburg","VA"
"Lyndhurst","NJ"
"Lyndonville","VT"
"Lynn","MA"
"Lynnewood","WA"
"Lynnwood","WA"
"Lynwood","CA"
"Lyons","IL"
"Lyons","KS"
"MT Clemens","MI"
"Macomb","IL"
"Macon","FL"
"Macon","GA"
"Madeira","FL"
"Madeira Beach","FL"
"Maderia Beach","FL"
"Madison","FL"
"Madison","IN"
"Madison","NH"
"Madison","WI"
"Madisonville","KY"
"Madisonville","LA"
"Madrid","NM"
"Magee","MS"
"Magset","ME"
"Mahanoy City","PA"
"Mahoney City","PA"
"Mahwah","NJ"
"Maiden Rock","WI"
"Maite","GU"
"Maitland","FL"
"Makawao","HI"
"Makawao, Maui","HI"
"Makena","HI"
"Makena, Maui","HI"
"Malden","MA"
"Malibu","CA"
"Malvern","PA"
"Malverne","NY"
"Manassas","VA"
"Manati","PR"
"Manchester","CT"
"Manchester","NH"
"Manchester","VT"
"Manchester Center","VT"
"Manchester Village","VT"
"Mancos","CO"
"Mandan","ND"
"Manfield","OH"
"Manhattan","CA"
"Manhattan","KS"
"Manhattan","NY"
"Manhattan Beach","CA"
"Manhatten","KS"
"Manhatten","NY"
"Manheim","PA"
"Manitou Springs","CO"
"Manitowac","WI"
"Manitowoc","WI"
"Mankato","MN"
"Mansfield","OH"
"Manteo","NC"
"Maple Hill","KS"
"Maplecrest","NJ"
"Maplewood","NJ"
"Mar Vista","CA"
"Marathon","FL"
"Marblehead","MA"
"Marblehead","OH"
"March's Hook","OR"
"Marcus Hook","PA"
"Marengo","OH"
"Margate","FL"
"Marianna","FL"
"Marietta","GA"
"Marietta","PA"
"Marin County","CA"
"Marina Del Rey","CA"
"Marina del Rey","CA"
"Marino Del Rey","CA"
"Marion","IL"
"Marion","IN"
"Marion","OH"
"Marlboro","VT"
"Marlborough","MA"
"Marlton","NJ"
"Marquette","MI"
"Marrero","LA"
"Marrietta","PA"
"Mars Hill","NC"
"Marseille","IL"
"Marseilles","IL"
"Marshall","IL"
"Marshall","TX"
"Marshall-Pembroke","MA"
"Marshalls Creek","PA"
"Marshalltown","IA"
"Marshfield","MA"
"Marshfield-Pembroke","MA"
"Martainsburg","WV"
"Martha's Vineyard","MA"
"Martha's Vineyard Island","MA"
"Martinsburg","WV"
"Martinsville","WV"
"Marysville","CA"
"Marysville","OH"
"Mason City","IA"
"Maspeth","NY"
"Massapequa","NY"
"Matthews","CA"
"Maui","HI"
"Maui Island","HI"
"Mayaguez","PR"
"Mayagüez","PR"
"Mays Landing","NJ"
"Maywood","NJ"
"McAllen","TX"
"McColl","ID"
"McCook","NE"
"McKees Rocks","PA"
"McLeansville","NC"
"McMinneville","OR"
"McPherson","KS"
"Meadville","PA"
"Medeira Beach","FL"
"Medford","MA"
"Medford","NY"
"Medford","OR"
"Mekinock","ND"
"Melbourne","FL"
"Melrose Park","IL"
"Melvindale","MI"
"Memphis","TN"
"Menasha","WI"
"Mendocino","CA"
"Menlo Park","CA"
"Menomonee Falls","WI"
"Mentor","OH"
"Merced","CA"
"Mercer","PA"
"Meriden","CT"
"Meridian","MS"
"Meridien","CT"
"Merkel","TX"
"Merrick","NY"
"Merrillville","IN"
"Merritt Island","FL"
"Merritt Parkway","CT"
"Mesa","AZ"
"Metaire","LA"
"Metairie","LA"
"Metarie","LA"
"Methuen","MA"
"Miami","FL"
"Miami Beach","FL"
"Miami Beach/South Beach","FL"
"Miami/Miami Beach","FL"
"Miamisburg","OH"
"Michigan City","IN"
"Middlebury","VT"
"Middleton","CT"
"Middletown","CA"
"Middletown","CT"
"Middletown","NY"
"Middletown","RI"
"Midland","MI"
"Midland","TX"
"Midpines","CA"
"Midtown","CA"
"Midtown","NY"
"Midtown- Los Angeles","CA"
"Midway City","CA"
"Milanville","PA"
"Milbridge","ME"
"Milford","CT"
"Milford","MA"
"Milford","PA"
"Mill Valley","CA"
"Millbourne","PA"
"Milldale","CT"
"Milton","MA"
"Milton","WI"
"Milton","WV"
"Milwaukee","WI"
"Mine Hill","NJ"
"Mineola","NY"
"Mineral Point","WI"
"Mineral Wells","WV"
"Minneapolis","MN"
"Minneapolis","NM"
"Minneapolis/St. Paul","MN"
"Minot","NC"
"Minot","ND"
"Miracle Mile","CA"
"Miramar","PR"
"Mishawaka","IN"
"Mission","MO"
"Mission Beach","CA"
"Mission District","CA"
"Mission Valley","CA"
"Mission Viejo","CA"
"Mississippi","MS"
"Missoula","MT"
"Moab","UT"
"Moberly","MO"
"Mobile","AL"
"Mocksville","NC"
"Modesto","CA"
"Mohave Valley","AZ"
"Molokai","HI"
"Monahans","TX"
"Moncks Corner","SC"
"Monee","IL"
"Monmouth","IL"
"Monroe","LA"
"Monroe","MI"
"Monroe","NY"
"Monroe","OH"
"Monroe City","IL"
"Monroe City","IN"
"Monroeville","PA"
"Monrovia","CA"
"Montara","CA"
"Montauk Hwy","NY"
"Montclair","CA"
"Montclair","NJ"
"Montclaire","PA"
"Monte Rio","CA"
"Monte Vista","CA"
"Montebello","CA"
"Monteclair","PA"
"Monterey","CA"
"Montgomery","AL"
"Montgomery","MD"
"Montgomery","NJ"
"Montgomery","PA"
"Montgomery Center","VT"
"Montgomery County","MD"
"Montgomeryville","PA"
"Monticello","FL"
"Montpelier","VT"
"Montrose","PA"
"Montrose","TX"
"Monument Valley","UT"
"Moorhead","MN"
"Morehead","KY"
"Morehead","NC"
"Morehead City","NC"
"Morgan","AR"
"Morgan City","LA"
"Morgantown","WV"
"Morris","IL"
"Morris County","NJ"
"Morris Plains","NJ"
"Morris Township","NJ"
"Morristown","NJ"
"Morro Bay","CA"
"Morton","MS"
"Moscow","ID"
"Moss Point","MS"
"Mount Clemens","MI"
"Mount Pleasant","MI"
"Mount Shasta","CA"
"Mount Vernon","TX"
"Mountain City","GA"
"Mountain View","CA"
"Mountain View, Hawaii","HI"
"Mountville","PA"
"Mt Clemens","MI"
"Mt Pleasant","PA"
"Mt Tremper","NY"
"Mt Vernon","TX"
"Mt Vernon","WA"
"Mt. Clemens","MI"
"Mt. Dora","FL"
"Mt. Holly","NJ"
"Mt. Pleasant","MI"
"Mt. Pleasant","PA"
"Mt. Shasta","CA"
"Mt. Tremper","NY"
"Mt. Vernon","IL"
"Mt. Vernon","TX"
"Mt. Vernon","WA"
"Mt. Washington","CA"
"Multnomah","OR"
"Muncie","IN"
"Murpheesboro","TN"
"Muscatine","IA"
"Muskegon","MI"
"Muskegon Heights","MI"
"Myers Flat","CA"
"Myrtle Beach","RI"
"Myrtle Beach","SC"
"Myrtle Creek","OR"
"Mystic","CT"
"N. Bellmore","NY"
"N. Charleston","SC"
"N. Hollywood","CA"
"N. Smithfield","RI"
"N. Utica","NY"
"N.Y.C - Midtown","NY"
"N.Y.C - Queens","NY"
"N.Y.C. - Brooklyn","NY"
"N.Y.C. - Long Island/Nassau County","NY"
"N.Y.C. - Long Island/Suffolk County","NY"
"N.Y.C. - Staten Island","NY"
"N.Y.C. - Uptown","NY"
"NM","NM"
"Nacogdoches","TX"
"Nacogdochies","TX"
"Nantucket","MA"
"Nanuet","NY"
"Napa","CA"
"Napa Valley","CA"
"Naperville","IL"
"Naples","FL"
"Naples","ME"
"Naples","NY"
"Naranja","FL"
"Narbeth","PA"
"Narnaja","FL"
"Narragansett","RI"
"Nashua","NH"
"Nashville","IL"
"Nashville","TN"
"Nassau County","NY"
"Nassau, Bahamas","VI"
"Natchez","MS"
"Natrona Heights","PA"
"Nauvoo","IL"
"Navarre Beach","FL"
"Navarro","CA"
"Nawiliwili","HI"
"Nawiliwili, Kauai","HI"
"Nazareth","OR"
"Neenah","WI"
"Nellysford","VA"
"Neodesha","KS"
"Neptune","NJ"
"Neptune Beach","FL"
"Nescopeck","PA"
"Nevada City","CA"
"Nevis","MN"
"New Almdaden","CA"
"New Bedford","CT"
"New Bedford","MA"
"New Bern","NC"
"New Britain","CT"
"New Brunswick","NJ"
"New Buffalo","MI"
"New Carlisle","IN"
"New Castle","DE"
"New Castle","PA"
"New City","NY"
"New Haven","CT"
"New Hope","OR"
"New Hope","PA"
"New Iberia","LA"
"New Kensington","PA"
"New Lebanon","IN"
"New London","CT"
"New Madrid","MO"
"New Market","VA"
"New Milford","CT"
"New Milford","PA"
"New Monterey","CA"
"New Orleans","LA"
"New Paltz","NY"
"New Port Richey","FL"
"New Richmond","MI"
"New Rochelle","NY"
"New Smyrna Beach","FL"
"New Town","IL"
"New York","NY"
"New York City","NY"
"Newark","DE"
"Newark","NJ"
"Newark","OH"
"Newbury","MA"
"Newburyport","MA"
"Newcastle","ME"
"Newfane","VT"
"Newfound Lake","NH"
"Newington","CT"
"Newport","KY"
"Newport","OR"
"Newport","RI"
"Newport","TN"
"Newport Beach","CA"
"Newport News","VA"
"Newton","IA"
"Newton","KS"
"Newton","NJ"
"Newtown","CT"
"Niagara Falls","NY"
"Niagra Falls","NY"
"Nice","CA"
"Nicolaus","CA"
"Niles","IL"
"Niles","OH"
"Nimitz","WV"
"Nob Hill","CA"
"Noe Valley","CA"
"Noel","MO"
"Norcross","GA"
"Norfolk","CT"
"Norfolk","NE"
"Norfolk","VA"
"Normal","IL"
"Norman","OK"
"Norristown","PA"
"North Adams","MA"
"North Beach","CA"
"North Beach","MD"
"North Beach Peninsula","WA"
"North Bellmore","NY"
"North Bellmore, L.I.","NY"
"North Bend","OR"
"North Charleston","SC"
"North Conway","NH"
"North Dartmouth","MA"
"North Hampton","MA"
"North Hampton","NH"
"North Haven","CT"
"North Highlands","CA"
"North Hollywood","CA"
"North Hudson","NY"
"North Kingston","RI"
"North Kingstown","RI"
"North Lauderdale","FL"
"North Little Rock","AR"
"North Merrick","NY"
"North Miami","FL"
"North Miami Beach","FL"
"North Plymouth","MA"
"North Quincy","MA"
"North Salem","NY"
"North Smithfield","RI"
"NorthHampton","MA"
"Northampton","MA"
"Northborough","MA"
"Northfield","NJ"
"Northhampton","MA"
"Northpoint","NY"
"Northport","ME"
"Northport","NY"
"Northridge","CA"
"Northumberland","PA"
"Northwood","NH"
"Norton","KS"
"Norwalk","CA"
"Norwalk","CT"
"Norwalk","WI"
"Norwich","CT"
"Norwich","VT"
"Novato","CA"
"Nyack","NY"
"O'Brien","OR"
"Oahu","HI"
"Oak Bluffs","MA"
"Oak Harbor","WA"
"Oak Park","IL"
"Oak Ridge","NJ"
"Oak Ridge","TN"
"Oak Ridge Farm","TN"
"Oakhurst","CA"
"Oakland","CA"
"Oakland","NJ"
"Oakland","PA"
"Oaklyn","NJ"
"Oakridge","NJ"
"Oakton","VA"
"Oanoke Rapids","NC"
"Oberlin","KS"
"Oberlin","OH"
"Ocala","FL"
"Occidental","CA"
"Ocean Beach","CA"
"Ocean City","MD"
"Ocean City","NJ"
"Ocean Park","PR"
"Ocean Park","WA"
"Ocean Park Beach","CA"
"Ocean View","HI"
"Oceanside","CA"
"Ocoee","FL"
"Oconto","WI"
"Ocracoke","NC"
"Odessa","NY"
"Odessa","TX"
"Odessa - Midland","TX"
"Odessa/Midland","TX"
"Ogden","TX"
"Ogden","UT"
"Ogen","UT"
"Ogunquit","ME"
"Okemos","MI"
"Oklahoma City","OK"
"Olathe","KS"
"Old Forge","NY"
"Old Northwood","FL"
"Old Orchard Beach","ME"
"Old Roslyn Village","NY"
"Old Rosyln Village","NY"
"Old San Juan","PR"
"Old Saybrook","CT"
"Old Town","CA"
"Old Town","ME"
"Old Westbury","NY"
"Olean","NY"
"Olympia","WA"
"Olympic Valley","CA"
"Omaha","NE"
"Onalaska","WI"
"Oneonta","NY"
"Ontario","CA"
"Ontario","OR"
"Opa-Locka","FL"
"Opelika","AL"
"Opelousas","LA"
"Orange","CA"
"Orange","CT"
"Orange","NJ"
"Orange County","CA"
"Orange County","NY"
"Orangeburg","NY"
"Orcas Island","WA"
"Orem","UT"
"Orland","CA"
"Orland","ME"
"Orlando","FL"
"Ormond Beach","FL"
"Orono","ME"
"Oroville","CA"
"Ortonville","MI"
"Osborne","KS"
"Osceola","IN"
"Oshikosh","WI"
"Oshkosh","WI"
"Ossining","NY"
"Oswego","NY"
"Ottawa","IL"
"Ottumwa","IA"
"Outer Banks","NC"
"Ovando","MT"
"Overland","MO"
"Overland Park","KS"
"Overland Park","MO"
"Ovett","MS"
"Owego","NY"
"Owendale","MI"
"Owens","OH"
"Owensboro","KY"
"Owings Mills","MD"
"Oxford","MA"
"Oxford","MS"
"Oxford","OH"
"Oxnard","CA"
"Oxon Hill","MD"
"Ozark","AR"
"Ozark","IL"
"Pacific Beach","CA"
"Pacific Grove","CA"
"Pacific Jet","IA"
"Paducah","KY"
"Pahala","HI"
"Pahoa","HI"
"Pahoa, Hawaii","HI"
"Paia","HI"
"Paia, Maui","HI"
"Painesville","OH"
"Painsville","OH"
"Palatine","IL"
"Palatka","FL"
"Palenville","NY"
"Palisades Park","NJ"
"Palm Bay","FL"
"Palm Beach","FL"
"Palm Beach Gardens","FL"
"Palm Desert","CA"
"Palm Springs","CA"
"Palm Springs","FL"
"Palmdale","CA"
"Palms","CA"
"Palo Alto","CA"
"Panama City","FL"
"Panama City Beach","FL"
"Panish Fork Canyon","UT"
"Panorama City","CA"
"Pansacola","FL"
"Papaikou","HI"
"Papaikou, Hilo","HI"
"Paramount","CA"
"Paramus","NJ"
"Paris","IL"
"Paris","TN"
"Paris Pike","KY"
"Park City","UT"
"Park Slope","NY"
"Parkerburg","WV"
"Parkersburg","WV"
"Parksburg","WV"
"Parkton","MD"
"Parma Heights","OH"
"Parma Hts.","OH"
"Parsons","KS"
"Pasadena","CA"
"Pasadena","MD"
"Pasaic","NJ"
"Pascagoula","MS"
"Pasco","WA"
"Pass-a-Grille Beach","FL"
"Passaic","NJ"
"Passaic Park","NJ"
"Patchoque","NY"
"Paterson","NJ"
"Patillas","PR"
"Patterson","NJ"
"Paucah","KY"
"Paulsboro","NJ"
"Pawtucket","RI"
"Peabody","MA"
"Pecos","NM"
"Pella","IA"
"Pembroke","ME"
"Pembroke Park","FL"
"Pembroke Pines","FL"
"Penacook","NH"
"Pence","WI"
"Pendel","PA"
"Penn Hills","PA"
"Penobscot","ME"
"Pensacola","FL"
"Peoria","IL"
"Perth Amboy","NJ"
"Peru","IN"
"Pescadero","CA"
"Petaluma","CA"
"Peterborough","NH"
"Petersburg","KY"
"Petersburg","VA"
"Petersham","MA"
"Petoskey","MI"
"Phenix City","AL"
"Philadelphia","PA"
"Philipsburg","PA"
"Philipsville","CA"
"Philipsville, Humbolt County","CA"
"Phillipsburg","NJ"
"Phillipsville","CA"
"Philo","CA"
"Phoenix","AZ"
"Phoenixville","PA"
"Pico Rivera","CA"
"Piermont","NY"
"Pierre","SD"
"Pigeon Forge","TN"
"Piketon","OH"
"Pine City","NY"
"Pine Grove","PA"
"Pine HIll","NY"
"Pineallis Park","FL"
"Pinedale","CA"
"Pineland","FL"
"Pinellas County","FL"
"Pinellas Park","FL"
"Pinellis Park","FL"
"Pipersville","PA"
"Piqua","OH"
"Pique","OH"
"Pismo Beach","CA"
"Pitman","PA"
"Pittsburgh","KS"
"Pittsburgh","OH"
"Pittsburgh","PA"
"Pittsefield","MA"
"Pittsfield","MA"
"Placerville","CA"
"Placitas","NM"
"Plainfield","NJ"
"Plainfield","VT"
"Plainsboro","NJ"
"Plainview","TX"
"Plainwell","MI"
"Plantation","FL"
"Plantsville","CT"
"Platteville","WI"
"Plattsburg","NY"
"Plattsburgh","NY"
"Playa del Rey","CA"
"Pleasant Hill","CA"
"Pleasanton","IL"
"Plymouth","CA"
"Plymouth","MA"
"Plymouth","MI"
"Plymouth","NH"
"Plympton","MA"
"Pocatello","ID"
"Pocono Mountains","PA"
"Pocono Mts.","PA"
"Poconos","PA"
"Point Loma","CA"
"Point Richmond","CA"
"Poipu","HI"
"Poipu Beach","HI"
"Poipu, Kauai","HI"
"Polk Street Area","CA"
"Polk Street Area- S.F.","CA"
"Pomeroy","WA"
"Pomfret","CT"
"Pomona","CA"
"Pompano","FL"
"Pompano Beach","FL"
"Ponce","PR"
"Ponce De Leon","FL"
"Ponce de Leon","FL"
"Pontiac","MI"
"Poplar Bluff","MO"
"Port Angeles","WA"
"Port Aransas","TX"
"Port Charlotte","FL"
"Port Chester","NY"
"Port Clinton","OH"
"Port Costa","CA"
"Port Huron","MI"
"Port Isabel","TX"
"Port Orange","FL"
"Port Orford","OR"
"Port Oxford","OR"
"Port Reyes Station","CA"
"Port Richey","FL"
"Port Richmond","PA"
"Port Salerno","FL"
"Port St. Lucie","FL"
"Port Townsend","WA"
"Portage","WI"
"Portchester","NY"
"Porterville","CA"
"Portland","CT"
"Portland","ME"
"Portland","OR"
"Portola Valley","CA"
"Portrero Hill","CA"
"Portsmouth","MA"
"Portsmouth","ME"
"Portsmouth","NH"
"Portsmouth","OH"
"Potomac","MD"
"Potrero Hill","CA"
"Pottstown","PA"
"Pottsville","PA"
"Pougheepsie","NY"
"Poughkeepsie","NY"
"Poughquag","NY"
"Poulsbo","WA"
"Powell","ID"
"Pownal","VT"
"Pozo","CA"
"Prairie Creek","AK"
"Prairie Creek","AR"
"Prairie Du Chien","WI"
"Prattville","AL"
"Prescott","AZ"
"Presque Isle","ME"
"Preston","CT"
"Prestonburg","KY"
"Princeton","MA"
"Princeton","NJ"
"Princeton","WV"
"Proctor","WV"
"Progress","PA"
"Prospect","CT"
"Prospect Heights","IL"
"Providence","RI"
"Provincetown","MA"
"Provo","UT"
"Pruce Pine","NC"
"Pueblo","CO"
"Puerto Nuevo","PR"
"Pukalani","HI"
"Pukalani, Maui","HI"
"Pullman","WA"
"Punta Gorda","FL"
"Putney","VT"
"Puunene","HI"
"Puunene, Kauai","HI"
"Quaker City","OH"
"Quakerstown","PA"
"Quakertown","PA"
"Quantico","VA"
"Quartzite","AZ"
"Quechee","VT"
"Queens","NY"
"Quincy","IL"
"Quincy","MA"
"Racine","WI"
"Radcliff","KY"
"Radium Springs","NM"
"Rahway","NJ"
"Raleigh","NC"
"Rancho Cordova","CA"
"Rancho Mirage","CA"
"Rancho Palos Verdes","CA"
"Randallstown","MD"
"Randolph","MA"
"Randolph","NH"
"Raonoke Rapids","NC"
"Rapid City","SD"
"Rawlins","WY"
"Raymond","ME"
"Readfield","ME"
"Reading","MA"
"Reading","PA"
"Red Bank","NJ"
"Red Bluff","CA"
"Red Buff","CA"
"Reddick","FL"
"Redding","CA"
"Redford","MI"
"Redlands","CA"
"Redmond","WA"
"Redondo Beach","CA"
"Redwood CIty","CA"
"Redwood City","CA"
"Reed","KY"
"Reheboth Beach","DE"
"Rehoboth Beach","DE"
"Reinholds","PA"
"Remer","MN"
"Rendondo Beach","CA"
"Reno","NE"
"Reno","NV"
"Renosa","Mexico"
"Reseda","CA"
"Reston","VA"
"Revere Beach","MA"
"Reyes Station","CA"
"Rhinelander","WI"
"Rialto","CA"
"Richfield","OH"
"Richland","OR"
"Richland","WA"
"Richmond","CA"
"Richmond","IL"
"Richmond","IN"
"Richmond","ME"
"Richmond","VA"
"Richmond","VT"
"Richmond Hill","NY"
"Ricon","PR"
"Ridgefield","CT"
"Ridgeland","IL"
"Ridgewood","NY"
"Rimrock","AZ"
"Riner","VA"
"Ringwood","NJ"
"Rio Grande Valley","TX"
"Rio Nido","CA"
"Rio Pedras","PR"
"Rio Piedras","PR"
"River Edge","NJ"
"River North","IL"
"River Ridge","NJ"
"Riverdale","NY"
"Riveredge","NJ"
"Riverside","CA"
"Riverton","CA"
"Riverton","WY"
"Riviera Beach","FL"
"Roanoke","VA"
"Roanoke Rapids","NC"
"Rochester","MI"
"Rochester","MN"
"Rochester","NY"
"Rochester","PA"
"Rock Hall","MD"
"Rock Hill","NY"
"Rock Hill","SC"
"Rock Island","IL"
"Rock Springs","WY"
"Rockaway","NY"
"Rockaway Beach","OR"
"Rockbridge","OH"
"Rockford","IL"
"Rockland","ME"
"Rockland","NY"
"Rockland Lake","NY"
"Rockport","ME"
"Rockport","TX"
"Rockville","MD"
"Rocky Hill","CT"
"Rocky Hill","NJ"
"Rodchester","NY"
"Rogers","AR"
"Rogersville","TN"
"Rogue River","OR"
"Rohnert Park","CA"
"Rolling Prairie","IN"
"Roman","MT"
"Rome","NY"
"Ronan","MT"
"Ronkonkoma","NY"
"Ronkonkona","NY"
"Roseburg","OR"
"Rosedale","MN"
"Roselle","IL"
"Roselle","NJ"
"Rosemont","NJ"
"Rosenburg","OR"
"Rosendale","NY"
"Roslyn","NY"
"Roswell","GA"
"Roswell","NM"
"Rowlett","TX"
"Roxborough","PA"
"Roxbury","MA"
"Royal Oak","MI"
"Rubdoux","CA"
"Rubidoux","CA"
"Ruidoso","NM"
"Running Springs","CA"
"Rushford","MN"
"Rushton","MN"
"Ruskin","FL"
"Russellville","AK"
"Russellville","AR"
"Russellville","KY"
"Russian RIver","CA"
"Russian River","CA"
"Ruston","LA"
"Ruthland","VT"
"Rutland","VT"
"S. Daytona Beach","FL"
"Sacramento","CA"
"Sag Harbor","NY"
"Sagamore","MA"
"Sagatuck","MI"
"Saginaw","MI"
"Saguache","CO"
"Saint Croix","VI"
"Saint Croix","Virgin Islands"
"Saint Louis","MO"
"Saint Mary's","OH"
"Saint Marys","OH"
"Saint Paul","MN"
"Salem","MA"
"Salem","NH"
"Salem","OH"
"Salem","OR"
"Salem","SD"
"Salina","KS"
"Salinas","CA"
"Salisbury","MD"
"Salisbury","NC"
"Salt Lake City","TX"
"Salt Lake City","UT"
"Saltillo","TN"
"Salute Ste. Marie","MI"
"San Angelo","TX"
"San Anselmo","CA"
"San Antonio","TX"
"San Bernadino","CA"
"San Bernardino","CA"
"San Carlos","CA"
"San Clemente","CA"
"San Diego","CA"
"San Francisco","CA"
"San Francsico","CA"
"San Gabrael","CA"
"San Gabriel","CA"
"San German","PR"
"San Gregorio","CA"
"San Jose","CA"
"San Juan","PR"
"San Juan Islands","WA"
"San Juan Pueblo","NM"
"San Leandro","CA"
"San Lorenzo","CA"
"San Luis Obispo","CA"
"San Marcos","TX"
"San Mateo","CA"
"San Pablo","CA"
"San Pedro","CA"
"San Rafael","CA"
"San Ysidro","CA"
"Sand Point","ID"
"Sandia Park","NM"
"Sandusky","OH"
"Sandwich","MA"
"Sandy","OR"
"Sandy Hook","CT"
"Sandy Hook","NJ"
"Sandy Springs","GA"
"Sanford","ME"
"Sanford","NC"
"Santa Ana","CA"
"Santa Anna","CA"
"Santa Barbara","CA"
"Santa Clara","CA"
"Santa Clarita Valley","CA"
"Santa Cruz","CA"
"Santa Fe","NM"
"Santa Margarita","CA"
"Santa Maria","CA"
"Santa Monica","CA"
"Santa Monica Beach","CA"
"Santa Rosa","CA"
"Santee","SC"
"Santurce","PR"
"Saranac Lake","NY"
"Sarasota","FL"
"Saratoga Springs","NY"
"Satellite Beach","FL"
"Saugatuck","MI"
"Saugus","MA"
"Sault Ste Marie","MI"
"Sault Ste-Marie","MI"
"Sault Ste. Marie","MI"
"Sault Ste–Marie","MI"
"Saulte Ste. Marie","MI"
"Sausalito","CA"
"Savannah","FL"
"Savannah","GA"
"Savannah Beach","GA"
"Sawyer","MI"
"Sayerville","NJ"
"Sayreville","NJ"
"Sayville","NY"
"Sayville, L.I.","NY"
"Scaborough","ME"
"Scarborough","ME"
"Scarsdale","NY"
"Schaefferstown","PA"
"Schenectady","NY"
"Schenley","PA"
"Schiller Park","IL"
"Schroon Lake","NY"
"Scituate","MA"
"Scotrun","PA"
"Scotts Bluff","NE"
"Scottsbluff","NE"
"Scottsdale","AZ"
"Scranton","PA"
"Seaford","NY"
"Seal Beach","CA"
"Seaside","CA"
"Seaside","OR"
"Seaside Heights","NJ"
"Seattle","WA"
"Seaview","FL"
"Seaview","WA"
"Sebago Lake","ME"
"Sebastian","FL"
"Sebastopol","CA"
"Sedona","AZ"
"Seekonk","MA"
"Seiverville","TN"
"Selden","NY"
"Seldon","NY"
"Selingsgrove","PA"
"Selinsgrove","PA"
"Selma","AL"
"Seneca Falls","NY"
"Sepulveda","CA"
"Sequim","WA"
"Sequoia Nat'l Park","CA"
"Sergeantsville","NJ"
"Sergeantville","NJ"
"Sewanee","TN"
"Seward","AK"
"Shaftesbury","VT"
"Shaftsbury","VT"
"Shaker Heights","OH"
"Shamokin Dam","PA"
"Shannon","MS"
"Sharon","PA"
"Sharon Springs","NY"
"Shawano","WI"
"Shawano Lake","WI"
"Shawnee","KS"
"Shawnee","OK"
"Shawnee-On-The-Delaware","PA"
"Shawnee-on-the-Delaware","PA"
"Sheboygan","WI"
"Sheffield","MA"
"Shelburne Falls","MA"
"Shelby","NC"
"Shelbyville","TN"
"Shelbyville","TX"
"Shell Beach","CA"
"Shelter Island","NY"
"Shelton","WA"
"Shenandoah Valley","VA"
"Shepherdstown","WV"
"Sheridan","OR"
"Sherman","TX"
"Sherman Oaks","CA"
"Sherveport","LA"
"Shiller Park","IL"
"Shippensburg","PA"
"Shirley","NY"
"Shohola","PA"
"Shreveport","LA"
"Sierra Vista","AZ"
"Siesta Key","FL"
"Silver City","NM"
"Silver Lake","CA"
"Silver Lake","MD"
"Silver Spring","MD"
"Silver Springs","MD"
"Silverlake","CA"
"Simpson","MD"
"Sioux City","IA"
"Sioux City","SD"
"Sioux Falls","SD"
"Sitka","AK"
"Skillman","NJ"
"Sky Forest","CA"
"Slidell","LA"
"Smith Island","MD"
"Smithfield","RI"
"Smithsfield","RI"
"Smithtown","NY"
"Smithtown, L.I.","NY"
"Snohomish","WA"
"Somerdale","NJ"
"Somers","NY"
"Somerset","KY"
"Somerset","NJ"
"Somerset","WI"
"Somersworth","NH"
"Somerville","MA"
"Somerville","NJ"
"Sonoma","CA"
"Sonoma County","CA"
"Sonora","CA"
"Soquel","CA"
"Soudertown","PA"
"South Amboy","NJ"
"South Amherst","MA"
"South Attleboro","MA"
"South Barre","MA"
"South Beach","FL"
"South Beach","NY"
"South Bend","IN"
"South Burlington","VT"
"South China","ME"
"South Chino","ME"
"South El Monte","CA"
"South Euclid","OH"
"South Fallsburg","NY"
"South Farmingdale","NY"
"South Farmington","NY"
"South Hadley","MA"
"South Hampton","NY"
"South Haven","MI"
"South Holland","IL"
"South Kure Beach","NC"
"South Laguna","CA"
"South Lake Tahoe","CA"
"South Miami","FL"
"South Norwalk","CT"
"South Padre Island","TX"
"South Pasadena","CA"
"South Portland","ME"
"South River","NJ"
"South Sacramento","CA"
"South San Gabriel","CA"
"South Windsor","CT"
"Southampton","NY"
"Southboro","MA"
"Southbury","CT"
"Southfield","MI"
"Southhampton","NY"
"Southington","CT"
"Spanish Fork Canyon","UT"
"Spanish Fort Canyon","UT"
"Sparkill","NY"
"Sparks","NV"
"Spartanburg","RI"
"Spartanburg","SC"
"Spearfish","SD"
"Spearville","KS"
"Spencer","IA"
"Spokane","WA"
"Spring City","UT"
"Spring Grove","PA"
"Spring Hill","FL"
"Spring Valley","NY"
"Springdale","UT"
"Springfield","CO"
"Springfield","IL"
"Springfield","IN"
"Springfield","MA"
"Springfield","MO"
"Springfield","OH"
"Springfield","OR"
"Springfield","PA"
"Springfield","VA"
"Springfield","VT"
"Springville","CA"
"Spruce Pine","NC"
"Squaw Valley","CA"
"St Albans","VT"
"St Augustin's","FL"
"St Augustine","FL"
"St Augustine's","FL"
"St Clair","MI"
"St Croix","VI"
"St Helena","CA"
"St John","VI"
"St John Island","SC"
"St Johns Island","SC"
"St Joseph","MO"
"St Louis","MO"
"St Paul","AZ"
"St Paul","MN"
"St Peters","MO"
"St Petersburg","FL"
"St Petersburg Beach","FL"
"St Thomas","VI"
"St Thomas","Virgin Islands"
"St. Andrews","TN"
"St. Augustin's","FL"
"St. Augustine","FL"
"St. Barts","VI"
"St. Clair","MI"
"St. Claire","OH"
"St. Cloud","FL"
"St. Cloud","MN"
"St. Croix","VI"
"St. Helena","CA"
"St. Huntington","NY"
"St. James","NY"
"St. John","VI"
"St. Johnsbury","VT"
"St. Joseph","MO"
"St. Louis","IL"
"St. Louis","MO"
"St. Paul","AZ"
"St. Paul","MN"
"St. Peter","MN"
"St. Petersburg","FL"
"St. Petersburg Beach","FL"
"St. Petersburgh","FL"
"St. Simon's Isle","FL"
"St. Simons Island","GA"
"St. Thomas","VI"
"St.Helena","CA"
"Stafford","KS"
"Stamford","CT"
"Stanford","CA"
"Stanfordville","NY"
"Stanley","ID"
"Stapleton","NY"
"State College","PA"
"Stateline","NV"
"Staten Island","NY"
"Statesville","NC"
"Statewide","CO"
"Statewide","DE"
"Statewide","FL"
"Statewide","GA"
"Statewide","IA"
"Statewide","ID"
"Statewide","IL"
"Statewide","KS"
"Statewide","KY"
"Statewide","LA"
"Statewide","MA"
"Statewide","MD"
"Statewide","ME"
"Statewide","MI"
"Statewide","MO"
"Statewide","MS"
"Statewide","NC"
"Statewide","NE"
"Statewide","NH"
"Statewide","NJ"
"Statewide","NM"
"Statewide","OH"
"Statewide","OK"
"Statewide","OR"
"Statewide","PR"
"Statewide","RI"
"Statewide","SC"
"Statewide","SD"
"Statewide","TN"
"Statewide","TX"
"Statewide","VA"
"Statewide","VT"
"Statewide","WI"
"Statewide","WV"
"Staunton","VA"
"Steamboat Springs","CO"
"Steelville","MO"
"Sterling","IL"
"Sterling","VA"
"Steubenville","OH"
"Stevens Point","WI"
"Stickney","IL"
"Stillwater","MN"
"Stillwater","OK"
"Stockbridge","MA"
"Stockton","CA"
"Stockton","NJ"
"Stone Lake","WI"
"Stone Ridge","NY"
"Stoneham","MA"
"Stonington","ME"
"Storrs","CT"
"Stoughton","WI"
"Stow","OH"
"Stowe","OH"
"Stowe","VT"
"Stoy","IL"
"Strasburg","OH"
"Stratton Mountain","VT"
"Streamwood","IL"
"Stroudsburg","PA"
"Stroundsburg","PA"
"Stuart","FL"
"Stubenville","OH"
"Studio City","CA"
"Sturbridge","MA"
"Sturgeon Bay","WI"
"Stuyvesant","NY"
"Sudbury","MA"
"Suffern","NY"
"Suffolk County","NY"
"Sugar Hill","NH"
"Sullivan","IL"
"Sullivan","NH"
"Sulphur","OK"
"Summers","GA"
"Summersville","WV"
"Sun Valley","ID"
"Sunapee","NH"
"Sunbury","PA"
"Suncook","NH"
"Sunland","CA"
"Sunny Isles Beach","FL"
"Sunny Valley","OR"
"Sunnyside","NY"
"Sunnyvale","CA"
"Sunnyvale","OR"
"Sunrise","FL"
"Sunrise Beach","MO"
"Sunriver","OR"
"Sunset Beach","CA"
"Superior","WI"
"Suquamish","WA"
"Surry","NH"
"Susquehanna","PA"
"Sussex","NJ"
"Sutherlin","OR"
"Swansea","MA"
"Sweet Water","TX"
"Sweetwater","TX"
"Sylmar","CA"
"Sylva","NC"
"Sylvan Beach","NY"
"Syosset","NY"
"Syracuse","NY"
"Tacoma","WA"
"Taftsville","VT"
"Tahoe City","CA"
"Tahoe Vista","CA"
"Talent","OR"
"Talequah","OK"
"Tallahassee","FL"
"Tampa","FL"
"Tampa Springs","FL"
"Tannersville","NY"
"Tannersville","PA"
"Taos","NM"
"Tarzana","CA"
"Taunton","MA"
"Taylor","MI"
"Teaneck","NJ"
"Telluride","CO"
"Temecula","CA"
"Tempe","AZ"
"Temple","TX"
"Temple- Killeen","TX"
"Temple-Killeen","TX"
"Tenants Harbor","ME"
"Tenderloin","CA"
"Tenderloin to North Beach- S.F.","CA"
"Tennants Harbor","ME"
"Terre Haute","IN"
"Terrel","TX"
"Texarcana","AR"
"Texarkana","AK"
"Texarkana","AR"
"Texarkana","TX"
"Thackerville","OK"
"Thackkerville","OK"
"The Bronx","NY"
"The Castro","CA"
"The Hamptons","NY"
"The Pines","NY"
"Thermopolis","WY"
"Thoreau","NM"
"Thousand Oaks","CA"
"Three Forks","MT"
"Three Rivers","CA"
"Tiburon","CA"
"Tiffin","OH"
"Tigard","OR"
"Tijuana","CA"
"Tijuana","Mexico"
"Tillamook","OR"
"Tiller","OR"
"Titusville","FL"
"Tivoli","NY"
"Toledo","OH"
"Toltec","AZ"
"Tomales","CA"
"Tombstone","AZ"
"Toms River","NJ"
"Tonawanda","NY"
"Topanga","CA"
"Topanga Canyon","CA"
"Topeka","KS"
"Torrance","CA"
"Torrey","UT"
"Torrington","CT"
"Tortola","VI"
"Tortola, British Virgin Islands","VI"
"Townshend","VT"
"Towson","MD"
"Travelers Rest","SC"
"Traverse","MI"
"Traverse City","MI"
"Treasure Island","FL"
"Tremont","OH"
"Trenton","NJ"
"Tri-Cities","WA"
"Trinidad","CO"
"Troy","MI"
"Troy","NY"
"Truckee","CA"
"Trumbell","CT"
"Trumbull","CT"
"Tucson","AZ"
"Tujunga","CA"
"Tukwila","WA"
"Tulare","CA"
"Tulsa","OK"
"Tumon Bay","GU"
"Tumon Bay","HI"
"Tupelo","MS"
"Tupper Lake","NY"
"Turlock","CA"
"Turnersville","NJ"
"Tuscalloosa","AL"
"Tuscaloosa","AL"
"Tuscon","AZ"
"Tusla","OK"
"Tustin","CA"
"Twenty Nine Palms","CA"
"Twentynine Palms","CA"
"Twin Falls","ID"
"Two Harbors","MN"
"Tyler","TX"
"Tynesboro","MA"
"Tyngsboro","MA"
"Tysons Corner","VA"
"Ukiah","CA"
"Union","NJ"
"Union City","NJ"
"Union Pier","MI"
"Uniondale","NY"
"Uniontown","PA"
"Universal City","CA"
"Upland","CA"
"Upper Darby","PA"
"Upper Nyack","NY"
"Upper Tract","WV"
"Upton","KY"
"Upton","MA"
"Uptown","NY"
"Uptown- N.Y.C.","NY"
"Urbaba","IL"
"Urbana","IL"
"Utica","NY"
"Uxbridge","MA"
"Uxen Hill","MD"
"Vacaville","CA"
"Vail","AZ"
"Vail","CO"
"Valdosta","FL"
"Valdosta","GA"
"Valhalla","NY"
"Vallecitos","NM"
"Vallejo","CA"
"Valley","CA"
"Valley Forge","PA"
"Valley Stream","NY"
"Valparaiso","IN"
"Valpariso","FL"
"Van Nuys","CA"
"Van Nuys - Sherman Oaks","CA"
"Vancouver","WA"
"Vashon Island","WA"
"Veguita","NM"
"Venice","CA"
"Venice","FL"
"Venice Beach","CA"
"Ventura","CA"
"Vequita","NM"
"Vero Beach","FL"
"Verona","PA"
"Versailles","KY"
"Vicennes","IN"
"Vicksberg","MS"
"Vicksburg","MS"
"Victoria","TX"
"Victorville","CA"
"Vienna","VA"
"Vienna","WV"
"Vieques","PR"
"Vieques Island","PR"
"Villa Park","IL"
"Vincennes","IN"
"Vineland","NJ"
"Vineyard Haven","MA"
"Vinton","LA"
"Virginia Beach","FL"
"Virginia Beach","VA"
"Virginia City","NV"
"Viroqua","WI"
"Visalia","CA"
"Vista","CA"
"Volcano Village","HI"
"Volcano Village, Hawaii","HI"
"Voorhees","NJ"
"W. Hartford","CT"
"W. Monroe","LA"
"Waco","TX"
"Wahiawa","HI"
"Waikiki","HI"
"Waikiki Beach","HI"
"Waikiki Beach, Oahu","HI"
"Wailea","HI"
"Wailea, Maui","HI"
"Wailua","HI"
"Wailua, Kauai","HI"
"Wailuku","HI"
"Wailuku, Maui","HI"
"Wainscott","NY"
"Waitsfield","VT"
"Wakarusa","KS"
"Wakefield","MA"
"Walcott","AK"
"Walcott","AR"
"Walden","VT"
"Waldport","OR"
"Walhala","MI"
"Walhalla","SC"
"Wall Township","NJ"
"Walla Walla","WA"
"Wallingford","CT"
"Wallington","NJ"
"Walloomsac","NY"
"Walnut","CA"
"Walnut Creek","CA"
"Walpole","NH"
"Waltham","MA"
"Walton","KS"
"Wanatah","IN"
"Wantagh","NY"
"Wantagh, L.I.","NY"
"Wappingers Falls","NY"
"Ware","MA"
"Warminster","PA"
"Warren","NH"
"Warren","OH"
"Warren","VT"
"Warrensburg","NY"
"Warrenton","OR"
"Warwick","RI"
"Wascott","WI"
"Washington","DC"
"Washington","NJ"
"Washington","PA"
"Washington Court House","OH"
"Washington Depot","CT"
"Washington, D.C.","Washington, D.C."
"Washingtonville","NY"
"Waterbury","CT"
"Waterbury","VT"
"Waterford","CT"
"Waterford","PA"
"Waterloo","IA"
"Watermill","NY"
"Watertown","MA"
"Watertown","NY"
"Waterville","ME"
"Watonga","OK"
"Watsonville","CA"
"Waukegan","IL"
"Wausau","WI"
"Wauwatosa","WI"
"Waverly","AL"
"Wayne","MI"
"Wayne","NJ"
"Wayne","PA"
"Weatherford","TX"
"Webster","NY"
"Welches","OR"
"Wellfleet","MA"
"Wells","ME"
"Wells River","VT"
"Wenatchee","WA"
"West Allis","WI"
"West Babylon","NY"
"West Chester","PA"
"West Covina","CA"
"West Des Moines","IA"
"West Dover","VT"
"West Hartford","CT"
"West Haven","CT"
"West Hempstead","NY"
"West Hempstead, L.I.","NY"
"West Hempsted","NY"
"West Hollywood","CA"
"West Islip","NY"
"West Kill","NY"
"West Lafayette","IN"
"West Lebanon","NH"
"West Los Angeles","CA"
"West New York","NJ"
"West Palm Beach","FL"
"West Park","NY"
"West Paterson","NJ"
"West Rutland","VT"
"West Sacramento","CA"
"West Springfield","MA"
"West Wainscott","NY"
"West Windsor","CT"
"West Yellowstone","MT"
"Westbury","NY"
"Westbury, L.I.","NY"
"Westby","WI"
"Westchester","NY"
"Westchester County","NY"
"Westerly","RI"
"Western Michigan University","MI"
"Westhaven","CT"
"Westlake","OH"
"Westland","MI"
"Westminster","CA"
"Weston","MA"
"Westpark","NY"
"Westport","CT"
"Westport","MA"
"Westport","WA"
"Westtown","NY"
"Westville","NJ"
"Wethersfield","CT"
"Weymouth","MA"
"Wheat Ridge","CO"
"Wheatfield","NY"
"Wheaton","MD"
"Wheatridge","CO"
"Wheeler","OR"
"Wheeling","IL"
"Wheeling","WV"
"Whidbey Island","WA"
"White Hall","CA"
"White Haven","PA"
"White Lake","NY"
"White Mtns","ME"
"White Mtns","NH"
"White Pigeon","MI"
"White Pine","TN"
"White Plains","NY"
"White River Junction","VT"
"White-Plains","NY"
"Whitehorn","CA"
"Whitestone","NY"
"Whiting","IN"
"Whitter","CA"
"Whittier","CA"
"Wichita","KS"
"Wichita Falls","TX"
"Wickenburg","AZ"
"Wilcox","AZ"
"Wiliston","VT"
"Wilkes-Barre","PA"
"Willard","WI"
"Willcox","AZ"
"Williamantic","CT"
"Williamsburg","MA"
"Williamsburg","NY"
"Williamsburg","VA"
"Williamsport","PA"
"Williamston","MI"
"Williamstown","MA"
"Willimantic","CT"
"Willimsburg","VA"
"Willingboro","NJ"
"Willington","NC"
"Willis","TX"
"Williston","NY"
"Williston","VT"
"Willits","CA"
"Willow Grove","PA"
"Wilmington","CA"
"Wilmington","DE"
"Wilmington","NC"
"Wilmington","VA"
"Wilmington","VT"
"Wilsonville","OR"
"Wilton","NH"
"Wilton Manor","FL"
"Wilton Manors","FL"
"Wimberley","TX"
"Winchester","VA"
"Windham","ME"
"Windham","NY"
"Windham","VT"
"Windsor","VA"
"Windward Coast","HI"
"Windward Coast, Oahu","HI"
"Winfield","KS"
"Winnemuca","NV"
"Winona","MN"
"Winooksi","VT"
"Winooski","VT"
"Winslow","AZ"
"Winston","NC"
"Winston-Salem","NC"
"Winter","WI"
"Winter Harbor","ME"
"Winter Park","CO"
"Winter Park","FL"
"Winter Springs","FL"
"Winthrop","MA"
"Winthrop","WA"
"Wiona","MN"
"Wiscasset","ME"
"Wisconsin Rapids","WI"
"Witchita Falls","TX"
"Wixom","MI"
"Wixon","MI"
"Wolf Creek","OR"
"Wolverton","MN"
"Wood Bridge","NJ"
"Wood River","IL"
"Woodacre","CA"
"Woodbridge","NJ"
"Woodbury","NJ"
"Woodbury","NY"
"Woodland Hills","CA"
"Woodland Hills","CO"
"Woodland Park","CO"
"Woods Hole","MA"
"Woodside","NY"
"Woodstock","NY"
"Woodstock","VT"
"Woodville","OH"
"Woonsocket","RI"
"Wooster","OH"
"Worcester","MA"
"Worchester","MA"
"Wrightstown","NJ"
"Wrightsville","NC"
"Wrightsville Beach","NC"
"Wyandotte","MI"
"Wyanotte","MI"
"Yachats","OR"
"Yakima","WA"
"Yamouth Port","MA"
"Yankton","SD"
"Yardley","PA"
"Yarmouth Port","MA"
"Yates Center","KS"
"Ybor City","FL"
"Yellow Springs","OH"
"Yonkers","NY"
"York","ME"
"York","PA"
"York Beach","ME"
"York Harbor","ME"
"Yorktown","NY"
"Yorkville","NY"
"Yosemite","CA"
"Yosemite Nat'l Park","CA"
"Yosemite National Park","CA"
"Young America","IN"
"Youngstown","OH"
"Ypsilanti","MI"
"Yreka","CA"
"Yuba City","CA"
"Yuma","AZ"
"Zebulon","KY"
"Zion","IL"
"Zion Nat'l Park","UT"
"Zionsville","IN"
"beacon","NY"
"lake Geneva","WI"
"miami","FL"
